{"type": "FeatureCollection", "features": [{"type": "Feature", "properties": {"ac_no": 70, "constituency": "Gingee", "region": "Central", "party_2026": "PMK", "party_2021": "DMK", "winner_2026": "GANESHKUMAR A", "winner_2021": "MASTHAN K S", "flipped": true, "flip_from": "DMK", "flip_to": "PMK", "margin_pct": 5.8, "vote_share_2026": 36.1}, "geometry": {"type": "Polygon", "coordinates": [[[78.01262208976243, 10.38968234987576], [78.19522654419872, 10.379066658089476], [78.18676190473435, 10.574928994238816], [78.00330109145395, 10.58348903947479], [78.01262208976243, 10.38968234987576]]]}}, {"type": "Feature", "properties": {"ac_no": 71, "constituency": "Mailam", "region": "Central", "party_2026": "AIADMK", "party_2021": "PMK", "winner_2026": "SHANMUGAM C VE", "winner_2021": "SIVAKUMAR C", "flipped": true, "flip_from": "PMK", "flip_to": "AIADMK", "margin_pct": 15.9, "vote_share_2026": 43.5}, "geometry": {"type": "Polygon", "coordinates": [[[78.18322675604442, 10.410599848576538], [78.42083334059473, 10.400110043940977], [78.42076833890752, 10.606262997945981], [78.18538333414502, 10.596495119832804], [78.18322675604442, 10.410599848576538]]]}}, {"type": "Feature", "properties": {"ac_no": 72, "constituency": "Tindivanam", "region": "Central", "party_2026": "VCK", "party_2021": "AIADMK", "winner_2026": "VANNI ARASU", "winner_2021": "ARJUNAN P", "flipped": true, "flip_from": "AIADMK", "flip_to": "VCK", "margin_pct": 0.4, "vote_share_2026": 32.6}, "geometry": {"type": "Polygon", "coordinates": [[[78.46702101625999, 10.377431819167413], [78.64572398162571, 10.379699922763297], [78.64084777835295, 10.584319066361635], [78.45857973645549, 10.576739713972925], [78.46702101625999, 10.377431819167413]]]}}, {"type": "Feature", "properties": {"ac_no": 73, "constituency": "Vanur", "region": "Central", "party_2026": "DMK", "party_2021": "AIADMK", "winner_2026": "GOWTHAM D", "winner_2021": "CHAKRAPANI M", "flipped": true, "flip_from": "AIADMK", "flip_to": "DMK", "margin_pct": 3.7, "vote_share_2026": 35.8}, "geometry": {"type": "Polygon", "coordinates": [[[78.67344657290705, 10.413527252924448], [78.86888002077025, 10.417911397363484], [78.86621410739315, 10.599831364669903], [78.66258230558456, 10.600644653571386], [78.67344657290705, 10.413527252924448]]]}}, {"type": "Feature", "properties": {"ac_no": 74, "constituency": "Viluppuram", "region": "Central", "party_2026": "DMK", "party_2021": "DMK", "winner_2026": "LAKSHMANAN R", "winner_2021": "LAKSHMANAN R", "flipped": false, "flip_from": "", "flip_to": "", "margin_pct": 1.9, "vote_share_2026": 33.9}, "geometry": {"type": "Polygon", "coordinates": [[[78.87061333411941, 10.400070640605838], [79.07788790100598, 10.39417521612902], [79.0693037597391, 10.586694704209394], [78.86874897821023, 10.580400619797926], [78.87061333411941, 10.400070640605838]]]}}, {"type": "Feature", "properties": {"ac_no": 75, "constituency": "Vikravandi", "region": "Central", "party_2026": "PMK", "party_2021": "DMK", "winner_2026": "SIVAKUMAR C", "winner_2021": "PUGAZHENTHI N", "flipped": true, "flip_from": "DMK", "flip_to": "PMK", "margin_pct": 0.4, "vote_share_2026": 33.3}, "geometry": {"type": "Polygon", "coordinates": [[[79.11887606893494, 10.408384983034312], [79.3035228508866, 10.394994789016753], [79.3050781404563, 10.606896190826955], [79.10750242555608, 10.619049229917424], [79.11887606893494, 10.408384983034312]]]}}, {"type": "Feature", "properties": {"ac_no": 76, "constituency": "Tirukkoyilur", "region": "Central", "party_2026": "AIADMK", "party_2021": "DMK", "winner_2026": "PALANISAMY S", "winner_2021": "K.PONMUDY", "flipped": true, "flip_from": "DMK", "flip_to": "AIADMK", "margin_pct": 0.1, "vote_share_2026": 33.6}, "geometry": {"type": "Polygon", "coordinates": [[[78.0300439142037, 10.608585653264266], [78.20131518251155, 10.604765615056184], [78.20665196592952, 10.789467263017052], [78.02410460541239, 10.800898725968484], [78.0300439142037, 10.608585653264266]]]}}, {"type": "Feature", "properties": {"ac_no": 77, "constituency": "Ulundurpettai", "region": "Central", "party_2026": "DMK", "party_2021": "DMK", "winner_2026": "VASANTHAVEL G R", "winner_2021": "MANIKANNAN A J", "flipped": false, "flip_from": "", "flip_to": "", "margin_pct": 0.8, "vote_share_2026": 36.3}, "geometry": {"type": "Polygon", "coordinates": [[[78.20326706639422, 10.62170035114735], [78.40946626322908, 10.632146285140362], [78.4217500074413, 10.799170457022981], [78.20277419568582, 10.798440724777706], [78.20326706639422, 10.62170035114735]]]}}, {"type": "Feature", "properties": {"ac_no": 78, "constituency": "Rishivandiyam", "region": "Central", "party_2026": "DMK", "party_2021": "DMK", "winner_2026": "KARTHIKEYAN K", "winner_2021": "KARTHIKEYAN K", "flipped": false, "flip_from": "", "flip_to": "", "margin_pct": 2.0, "vote_share_2026": 36.6}, "geometry": {"type": "Polygon", "coordinates": [[[78.45430727454271, 10.6322376954053], [78.65501764734843, 10.628930168604175], [78.6475497141251, 10.824184094508505], [78.45610855527246, 10.820472556646113], [78.45430727454271, 10.6322376954053]]]}}, {"type": "Feature", "properties": {"ac_no": 79, "constituency": "Sankarapuram", "region": "Central", "party_2026": "AIADMK", "party_2021": "DMK", "winner_2026": "RAKESH R", "winner_2021": "UDHAYASURIYAN T", "flipped": true, "flip_from": "DMK", "flip_to": "AIADMK", "margin_pct": 1.5, "vote_share_2026": 34.1}, "geometry": {"type": "Polygon", "coordinates": [[[78.64723397241465, 10.616766910272233], [78.90132292342615, 10.629220510679753], [78.89026762856402, 10.788304433952652], [78.64918488618564, 10.779554449878958], [78.64723397241465, 10.616766910272233]]]}}, {"type": "Feature", "properties": {"ac_no": 80, "constituency": "Kallakurichi", "region": "Central", "party_2026": "TVK", "party_2021": "AIADMK", "winner_2026": "ARUL VIGNESH C", "winner_2021": "Senthilkumar.M", "flipped": true, "flip_from": "AIADMK", "flip_to": "TVK", "margin_pct": 0.3, "vote_share_2026": 32.5}, "geometry": {"type": "Polygon", "coordinates": [[[78.87342760880148, 10.613552397743916], [79.07704665650346, 10.624441363810597], [79.09251306894132, 10.80779119986021], [78.87895256892843, 10.793863873328604], [78.87342760880148, 10.613552397743916]]]}}, {"type": "Feature", "properties": {"ac_no": 81, "constituency": "Gangavalli", "region": "Central", "party_2026": "AIADMK", "party_2021": "AIADMK", "winner_2026": "NALLATHAMBI. A", "winner_2021": "NALLATHAMBI,A.", "flipped": false, "flip_from": "", "flip_to": "", "margin_pct": 7.3, "vote_share_2026": 37.2}, "geometry": {"type": "Polygon", "coordinates": [[[79.098259734618, 10.579830046098703], [79.33160198644539, 10.568450253485068], [79.32637204952364, 10.800055892481904], [79.10178492860649, 10.80586322253853], [79.098259734618, 10.579830046098703]]]}}, {"type": "Feature", "properties": {"ac_no": 82, "constituency": "Attur", "region": "Central", "party_2026": "AIADMK", "party_2021": "AIADMK", "winner_2026": "JAYASANKARAN. A.P.", "winner_2021": "JAYASANKARAN, A.P.", "flipped": false, "flip_from": "", "flip_to": "", "margin_pct": 7.4, "vote_share_2026": 38.8}, "geometry": {"type": "Polygon", "coordinates": [[[77.99000899555307, 10.798968658570184], [78.2082872474131, 10.805055570364278], [78.19826036050365, 11.01411222928404], [77.98856635193769, 11.008840416211967], [77.99000899555307, 10.798968658570184]]]}}, {"type": "Feature", "properties": {"ac_no": 83, "constituency": "Yercaud", "region": "Central", "party_2026": "AIADMK", "party_2021": "AIADMK", "winner_2026": "USHARANI. P", "winner_2021": "G. Chitra", "flipped": false, "flip_from": "", "flip_to": "", "margin_pct": 0.9, "vote_share_2026": 34.6}, "geometry": {"type": "Polygon", "coordinates": [[[78.19922967594368, 10.786166737186658], [78.43375280854937, 10.791104444189907], [78.44510529364533, 10.97548847536509], [78.20223588381415, 10.986254643076427], [78.19922967594368, 10.786166737186658]]]}}, {"type": "Feature", "properties": {"ac_no": 84, "constituency": "Omalur", "region": "Central", "party_2026": "AIADMK", "party_2021": "AIADMK", "winner_2026": "MANI. R", "winner_2021": "R.MANI", "flipped": false, "flip_from": "", "flip_to": "", "margin_pct": 5.4, "vote_share_2026": 41.4}, "geometry": {"type": "Polygon", "coordinates": [[[78.41569562024917, 10.831254004072074], [78.6334736568833, 10.820558232893354], [78.62068346557962, 11.003021506882831], [78.41481195698992, 11.003669029624175], [78.41569562024917, 10.831254004072074]]]}}, {"type": "Feature", "properties": {"ac_no": 85, "constituency": "Mettur", "region": "Central", "party_2026": "AIADMK", "party_2021": "PMK", "winner_2026": "VENKATACHALAM. G", "winner_2021": "SADHASIVAM.S", "flipped": true, "flip_from": "PMK", "flip_to": "AIADMK", "margin_pct": 8.3, "vote_share_2026": 37.4}, "geometry": {"type": "Polygon", "coordinates": [[[78.66199173404543, 10.826157359579067], [78.88357864515864, 10.824525726692523], [78.87149229985621, 10.974980116130114], [78.66233842048462, 10.971918884873123], [78.66199173404543, 10.826157359579067]]]}}, {"type": "Feature", "properties": {"ac_no": 86, "constituency": "Edappadi", "region": "Central", "party_2026": "AIADMK", "party_2021": "AIADMK", "winner_2026": "EDAPPADI PALANISWAMI. K", "winner_2021": "EDAPPADI PALANISWAMI. K", "flipped": false, "flip_from": "", "flip_to": "", "margin_pct": 38.0, "vote_share_2026": 57.7}, "geometry": {"type": "Polygon", "coordinates": [[[78.85256090916369, 10.788498434634656], [79.11771635372132, 10.802636341234647], [79.11717120192102, 11.029355551979856], [78.85793157675904, 11.01567454627658], [78.85256090916369, 10.788498434634656]]]}}, {"type": "Feature", "properties": {"ac_no": 87, "constituency": "Sankari", "region": "Central", "party_2026": "AIADMK", "party_2021": "AIADMK", "winner_2026": "VETRIVEL. S", "winner_2021": "SUNDARARAJAN, S.", "flipped": false, "flip_from": "", "flip_to": "", "margin_pct": 3.9, "vote_share_2026": 35.8}, "geometry": {"type": "Polygon", "coordinates": [[[79.08029331700196, 10.802797976741003], [79.27859849299905, 10.799175688388043], [79.28201498856406, 10.972132258746154], [79.09070351839586, 10.982435732409199], [79.08029331700196, 10.802797976741003]]]}}, {"type": "Feature", "properties": {"ac_no": 88, "constituency": "Salem (West)", "region": "Central", "party_2026": "TVK", "party_2021": "PMK", "winner_2026": "LAKSHMANAN.S", "winner_2021": "ARUL. R", "flipped": true, "flip_from": "PMK", "flip_to": "TVK", "margin_pct": 31.9, "vote_share_2026": 51.4}, "geometry": {"type": "Polygon", "coordinates": [[[78.01178286797378, 10.980713054751137], [78.2305306768092, 10.983751369603267], [78.22180013809678, 11.189317666229934], [78.00339740629688, 11.194151427586542], [78.01178286797378, 10.980713054751137]]]}}, {"type": "Feature", "properties": {"ac_no": 89, "constituency": "Salem (North)", "region": "Central", "party_2026": "TVK", "party_2021": "DMK", "winner_2026": "SIVAKUMAR. K", "winner_2021": "R. RAJENDRAN", "flipped": true, "flip_from": "DMK", "flip_to": "TVK", "margin_pct": 6.7, "vote_share_2026": 40.7}, "geometry": {"type": "Polygon", "coordinates": [[[78.19782326225913, 10.97796051387931], [78.45621373763981, 10.967964646965484], [78.46800523918414, 11.176581373919038], [78.19781397510664, 11.183298364844822], [78.19782326225913, 10.97796051387931]]]}}, {"type": "Feature", "properties": {"ac_no": 90, "constituency": "Salem (South)", "region": "Central", "party_2026": "TVK", "party_2021": "AIADMK", "winner_2026": "VIJAY TAMILAN PARTHIBAN. A", "winner_2021": "E.BALASUBRAMANIAN", "flipped": true, "flip_from": "AIADMK", "flip_to": "TVK", "margin_pct": 16.1, "vote_share_2026": 43.9}, "geometry": {"type": "Polygon", "coordinates": [[[78.4231634938431, 11.005258415346127], [78.65031668450457, 10.99949110817416], [78.65811076137076, 11.222482322900563], [78.42517801778638, 11.230615936327643], [78.4231634938431, 11.005258415346127]]]}}, {"type": "Feature", "properties": {"ac_no": 91, "constituency": "Veerapandi", "region": "Central", "party_2026": "TVK", "party_2021": "AIADMK", "winner_2026": "PALANIVEL. M.S", "winner_2021": "RAJAMUTHU, M.", "flipped": true, "flip_from": "AIADMK", "flip_to": "TVK", "margin_pct": 1.7, "vote_share_2026": 33.9}, "geometry": {"type": "Polygon", "coordinates": [[[78.61667127984938, 11.024744044072072], [78.8599374054893, 11.037705935255152], [78.87101935315015, 11.236592651236027], [78.62200407446689, 11.223605229853735], [78.61667127984938, 11.024744044072072]]]}}, {"type": "Feature", "properties": {"ac_no": 92, "constituency": "Rasipuram", "region": "Central", "party_2026": "TVK", "party_2021": "DMK", "winner_2026": "LOGESH TAMILSELVAN D", "winner_2021": "MATHIVENTHAN M", "flipped": true, "flip_from": "DMK", "flip_to": "TVK", "margin_pct": 7.1, "vote_share_2026": 36.5}, "geometry": {"type": "Polygon", "coordinates": [[[78.88946293766384, 10.997841481872296], [79.10125360327065, 11.003089483483157], [79.09848672570796, 11.237134723888579], [78.88010860400412, 11.222311699885434], [78.88946293766384, 10.997841481872296]]]}}, {"type": "Feature", "properties": {"ac_no": 93, "constituency": "Senthamangalam", "region": "Central", "party_2026": "TVK", "party_2021": "DMK", "winner_2026": "P CHANDRASEKAR", "winner_2021": "PONNUSAMY K", "flipped": true, "flip_from": "DMK", "flip_to": "TVK", "margin_pct": 1.3, "vote_share_2026": 32.8}, "geometry": {"type": "Polygon", "coordinates": [[[79.06367251136439, 10.981005644360783], [79.30560970171302, 10.982092602968237], [79.30298699179178, 11.21358584646124], [79.06598535883519, 11.198951162040643], [79.06367251136439, 10.981005644360783]]]}}, {"type": "Feature", "properties": {"ac_no": 94, "constituency": "Namakkal", "region": "Central", "party_2026": "TVK", "party_2021": "DMK", "winner_2026": "DILIP C S", "winner_2021": "RAMALINGAM P", "flipped": true, "flip_from": "DMK", "flip_to": "TVK", "margin_pct": 5.2, "vote_share_2026": 37.6}, "geometry": {"type": "Polygon", "coordinates": [[[77.99788258714526, 11.165927936069085], [78.20760963645526, 11.171142988925542], [78.20196584464665, 11.407441207974127], [77.98776893583515, 11.42316306846058], [77.99788258714526, 11.165927936069085]]]}}, {"type": "Feature", "properties": {"ac_no": 95, "constituency": "Paramathi-Velur", "region": "Central", "party_2026": "AIADMK", "party_2021": "AIADMK", "winner_2026": "SEKAR S", "winner_2021": "SEKAR S", "flipped": false, "flip_from": "", "flip_to": "", "margin_pct": 0.2, "vote_share_2026": 32.5}, "geometry": {"type": "Polygon", "coordinates": [[[78.23456806910048, 11.213369720540241], [78.43261740098441, 11.227257367990529], [78.44139895217364, 11.411443220465404], [78.24808302441774, 11.399731951679504], [78.23456806910048, 11.213369720540241]]]}}, {"type": "Feature", "properties": {"ac_no": 96, "constituency": "Tiruchengodu", "region": "Central", "party_2026": "TVK", "party_2021": "DMK", "winner_2026": "ARUNRAJ K G", "winner_2021": "ESWARAN E R", "flipped": true, "flip_from": "DMK", "flip_to": "TVK", "margin_pct": 14.7, "vote_share_2026": 41.6}, "geometry": {"type": "Polygon", "coordinates": [[[78.41661991070369, 11.218978881695001], [78.61994957739029, 11.224544832794773], [78.63273051983226, 11.431619790679818], [78.42389900864563, 11.429913573771], [78.41661991070369, 11.218978881695001]]]}}, {"type": "Feature", "properties": {"ac_no": 97, "constituency": "Kumarapalayam", "region": "Central", "party_2026": "TVK", "party_2021": "AIADMK", "winner_2026": "C.VIJAYALAKSHMI", "winner_2021": "THANGAMANI.P", "flipped": true, "flip_from": "AIADMK", "flip_to": "TVK", "margin_pct": 3.7, "vote_share_2026": 39.5}, "geometry": {"type": "Polygon", "coordinates": [[[78.62692741421478, 11.19648428058754], [78.8864540226703, 11.185733630849487], [78.88603327613642, 11.418794674438153], [78.6281861838062, 11.43230363168698], [78.62692741421478, 11.19648428058754]]]}}, {"type": "Feature", "properties": {"ac_no": 147, "constituency": "Perambalur", "region": "Central", "party_2026": "TVK", "party_2021": "DMK", "winner_2026": "SIVAKUMAR. K", "winner_2021": "PRABHAHARAN, M.", "flipped": true, "flip_from": "DMK", "flip_to": "TVK", "margin_pct": 5.7, "vote_share_2026": 35.8}, "geometry": {"type": "Polygon", "coordinates": [[[78.85532890870415, 11.192714912854077], [79.09375448949378, 11.192094530270637], [79.09923724479071, 11.394869804996862], [78.85841669359228, 11.38433570190931], [78.85532890870415, 11.192714912854077]]]}}, {"type": "Feature", "properties": {"ac_no": 148, "constituency": "Kunnam", "region": "Central", "party_2026": "DMK", "party_2021": "DMK", "winner_2026": "SIVASANKAR. S.S", "winner_2021": "SIVASANKAR, S.S.", "flipped": false, "flip_from": "", "flip_to": "", "margin_pct": 6.7, "vote_share_2026": 37.8}, "geometry": {"type": "Polygon", "coordinates": [[[79.09972850617562, 11.22194513276522], [79.30244791406001, 11.223083201923], [79.30230632074532, 11.397951338474137], [79.08477348349965, 11.400995091602887], [79.09972850617562, 11.22194513276522]]]}}, {"type": "Feature", "properties": {"ac_no": 149, "constituency": "Ariyalur", "region": "Central", "party_2026": "AIADMK", "party_2021": "DMK", "winner_2026": "RAJENDRAN S", "winner_2021": "CHINNAPPA K", "flipped": true, "flip_from": "DMK", "flip_to": "AIADMK", "margin_pct": 10.4, "vote_share_2026": 40.4}, "geometry": {"type": "Polygon", "coordinates": [[[78.01164622143936, 11.407751115981307], [78.20107231062887, 11.410130666307383], [78.1965177485263, 11.608345736559153], [78.01440483958683, 11.604635123564776], [78.01164622143936, 11.407751115981307]]]}}, {"type": "Feature", "properties": {"ac_no": 150, "constituency": "Jayankondam", "region": "Central", "party_2026": "PMK", "party_2021": "DMK", "winner_2026": "VAITHILINGAM G.", "winner_2021": "KANNAN KA SO KA", "flipped": true, "flip_from": "DMK", "flip_to": "PMK", "margin_pct": 8.1, "vote_share_2026": 38.9}, "geometry": {"type": "Polygon", "coordinates": [[[78.23413994966543, 11.388796888955643], [78.44022152521038, 11.39811756333799], [78.44752662033358, 11.570604229495382], [78.2277507952568, 11.572549501022724], [78.23413994966543, 11.388796888955643]]]}}, {"type": "Feature", "properties": {"ac_no": 151, "constituency": "Tittakudi", "region": "Central", "party_2026": "DMK", "party_2021": "DMK", "winner_2026": "GANESAN C.V", "winner_2021": "GANESAN,  C.V.", "flipped": false, "flip_from": "", "flip_to": "", "margin_pct": 1.5, "vote_share_2026": 35.9}, "geometry": {"type": "Polygon", "coordinates": [[[78.43540390262994, 11.38082899095846], [78.64498981197475, 11.379716536430674], [78.63415640989375, 11.596089649862817], [78.41848466347136, 11.591391226930016], [78.43540390262994, 11.38082899095846]]]}}, {"type": "Feature", "properties": {"ac_no": 152, "constituency": "Vriddhachalam", "region": "Central", "party_2026": "DMDK", "party_2021": "INC", "winner_2026": "PREMALLATHA VIJAYAKANT", "winner_2021": "Radhakrishnan", "flipped": true, "flip_from": "INC", "flip_to": "DMDK", "margin_pct": 1.1, "vote_share_2026": 33.2}, "geometry": {"type": "Polygon", "coordinates": [[[78.64475216538689, 11.404128962639989], [78.87098310488479, 11.416503592287095], [78.8767941992207, 11.591953736546387], [78.63831960866045, 11.598177427593296], [78.64475216538689, 11.404128962639989]]]}}, {"type": "Feature", "properties": {"ac_no": 153, "constituency": "Neyveli", "region": "Central", "party_2026": "AIADMK", "party_2021": "DMK", "winner_2026": "RAJENDRAN.R", "winner_2021": "SABA.RAJENDRAN", "flipped": true, "flip_from": "DMK", "flip_to": "AIADMK", "margin_pct": 6.5, "vote_share_2026": 37.8}, "geometry": {"type": "Polygon", "coordinates": [[[78.87775344008264, 11.414148939860151], [79.06802896744699, 11.410545064851283], [79.06885179445132, 11.614620742448382], [78.88093839651586, 11.607379196377765], [78.87775344008264, 11.414148939860151]]]}}, {"type": "Feature", "properties": {"ac_no": 154, "constituency": "Panruti", "region": "Central", "party_2026": "AIADMK", "party_2021": "DMK", "winner_2026": "MOHAN. K", "winner_2021": "VELMURUGAN.T", "flipped": true, "flip_from": "DMK", "flip_to": "AIADMK", "margin_pct": 5.1, "vote_share_2026": 37.2}, "geometry": {"type": "Polygon", "coordinates": [[[79.07809858303538, 11.377057834116796], [79.31059496704427, 11.372765920930869], [79.31230328342339, 11.616642086423761], [79.07111836533133, 11.610433886520399], [79.07809858303538, 11.377057834116796]]]}}, {"type": "Feature", "properties": {"ac_no": 155, "constituency": "Cuddalore", "region": "Central", "party_2026": "TVK", "party_2021": "DMK", "winner_2026": "B.RAJKUMAR", "winner_2021": "G.IYAPPAN", "flipped": true, "flip_from": "DMK", "flip_to": "TVK", "margin_pct": 8.2, "vote_share_2026": 37.2}, "geometry": {"type": "Polygon", "coordinates": [[[77.97603876993627, 11.607347519278955], [78.24336094206191, 11.606502963857626], [78.24716102839, 11.781795167263637], [77.98227134263485, 11.781113816060417], [77.97603876993627, 11.607347519278955]]]}}, {"type": "Feature", "properties": {"ac_no": 156, "constituency": "Kurinjipadi", "region": "Central", "party_2026": "DMK", "party_2021": "DMK", "winner_2026": "M.R.K.PANNEERSELVAM", "winner_2021": "M.R.K.PANNEERSELVAM", "flipped": false, "flip_from": "", "flip_to": "", "margin_pct": 3.5, "vote_share_2026": 35.8}, "geometry": {"type": "Polygon", "coordinates": [[[78.24610246727029, 11.614018132787555], [78.44724221855725, 11.617542235635433], [78.43963661256187, 11.795952137761835], [78.23560253749048, 11.802764595751436], [78.24610246727029, 11.614018132787555]]]}}, {"type": "Feature", "properties": {"ac_no": 157, "constituency": "Bhuvanagiri", "region": "Central", "party_2026": "AIADMK", "party_2021": "AIADMK", "winner_2026": "ARUNMOZHITHEVAN . A", "winner_2021": "Arunmozhithevan. A", "flipped": false, "flip_from": "", "flip_to": "", "margin_pct": 1.2, "vote_share_2026": 36.5}, "geometry": {"type": "Polygon", "coordinates": [[[78.44167685476073, 11.603748012934444], [78.64716886069716, 11.604359678450447], [78.65200072877501, 11.779966579922343], [78.44444486102628, 11.789966943436436], [78.44167685476073, 11.603748012934444]]]}}, {"type": "Feature", "properties": {"ac_no": 158, "constituency": "Chidambaram", "region": "Central", "party_2026": "DMK", "party_2021": "AIADMK", "winner_2026": "THAMIMUN ANSARI. M", "winner_2021": "K.A. PANDIAN", "flipped": true, "flip_from": "AIADMK", "flip_to": "DMK", "margin_pct": 2.9, "vote_share_2026": 35.5}, "geometry": {"type": "Polygon", "coordinates": [[[78.66086908471554, 11.589178981191255], [78.83908298102943, 11.60174305479012], [78.84203382716518, 11.806076082187198], [78.66880632508315, 11.80733737080036], [78.66086908471554, 11.589178981191255]]]}}, {"type": "Feature", "properties": {"ac_no": 159, "constituency": "Kattumannarkoil", "region": "Central", "party_2026": "VCK", "party_2021": "VCK", "winner_2026": "L.E. JOTHIMANI", "winner_2021": "SINTHANAI SELVAN", "flipped": false, "flip_from": "", "flip_to": "", "margin_pct": 17.6, "vote_share_2026": 45.3}, "geometry": {"type": "Polygon", "coordinates": [[[78.86585159151257, 11.599267274252773], [79.0522294814357, 11.595560810201915], [79.05451747992358, 11.817067054104507], [78.85445922490015, 11.81015809692675], [78.86585159151257, 11.599267274252773]]]}}, {"type": "Feature", "properties": {"ac_no": 1, "constituency": "Gummidipoondi", "region": "Chennai Metro", "party_2026": "TVK", "party_2021": "DMK", "winner_2026": "S.VIJAYAKUMAR", "winner_2021": "GOVINDARAJAN T.J", "flipped": true, "flip_from": "DMK", "flip_to": "TVK", "margin_pct": 12.0, "vote_share_2026": 40.6}, "geometry": {"type": "Polygon", "coordinates": [[[79.84442785860728, 12.584138577783566], [79.92115451188297, 12.583465072972965], [79.92394211449432, 12.702233909235993], [79.8442425231769, 12.711907568796146], [79.84442785860728, 12.584138577783566]]]}}, {"type": "Feature", "properties": {"ac_no": 2, "constituency": "Ponneri", "region": "Chennai Metro", "party_2026": "TVK", "party_2021": "INC", "winner_2026": "DR.RAVI.M.S", "winner_2021": "DURAI. CHANDRASEKAR", "flipped": true, "flip_from": "INC", "flip_to": "TVK", "margin_pct": 24.6, "vote_share_2026": 48.7}, "geometry": {"type": "Polygon", "coordinates": [[[79.91353124618321, 12.57596583878922], [80.05337486399635, 12.575025193721697], [80.06326711362263, 12.695526178523245], [79.9261622996044, 12.703676543775885], [79.91353124618321, 12.57596583878922]]]}}, {"type": "Feature", "properties": {"ac_no": 3, "constituency": "Tiruttani", "region": "Chennai Metro", "party_2026": "AIADMK", "party_2021": "DMK", "winner_2026": "G.HARI", "winner_2021": "S.Chandran", "flipped": true, "flip_from": "DMK", "flip_to": "AIADMK", "margin_pct": 2.4, "vote_share_2026": 37.3}, "geometry": {"type": "Polygon", "coordinates": [[[80.0441346328201, 12.568462283409964], [80.12761696764419, 12.576225192115997], [80.12764595776008, 12.706941340548422], [80.04322930309583, 12.696953635157877], [80.0441346328201, 12.568462283409964]]]}}, {"type": "Feature", "properties": {"ac_no": 4, "constituency": "Thiruvallur", "region": "Chennai Metro", "party_2026": "TVK", "party_2021": "DMK", "winner_2026": "DR. T. ARUNKUMAR", "winner_2021": "RAAJENDRAN, V.G.", "flipped": true, "flip_from": "DMK", "flip_to": "TVK", "margin_pct": 10.9, "vote_share_2026": 40.7}, "geometry": {"type": "Polygon", "coordinates": [[[80.12237425351395, 12.572496620228769], [80.23273331022949, 12.582377424262864], [80.22316314532769, 12.71209798556723], [80.1256854627744, 12.703229122362012], [80.12237425351395, 12.572496620228769]]]}}, {"type": "Feature", "properties": {"ac_no": 5, "constituency": "Poonamallee", "region": "Chennai Metro", "party_2026": "TVK", "party_2021": "DMK", "winner_2026": "PRAKASAM.R", "winner_2021": "Krishnaswamy A", "flipped": true, "flip_from": "DMK", "flip_to": "TVK", "margin_pct": 23.5, "vote_share_2026": 52.2}, "geometry": {"type": "Polygon", "coordinates": [[[80.26577330085776, 12.579678176142764], [80.38613035746975, 12.574625704926756], [80.38175351107293, 12.663908642131023], [80.27258912994546, 12.673831068650667], [80.26577330085776, 12.579678176142764]]]}}, {"type": "Feature", "properties": {"ac_no": 6, "constituency": "Avadi", "region": "Chennai Metro", "party_2026": "TVK", "party_2021": "DMK", "winner_2026": "R.RAMESH KUMAR", "winner_2021": "Nasar S M", "flipped": true, "flip_from": "DMK", "flip_to": "TVK", "margin_pct": 22.1, "vote_share_2026": 52.1}, "geometry": {"type": "Polygon", "coordinates": [[[79.81929306949796, 12.72972679267259], [79.97143628933156, 12.718267262120879], [79.96505965733529, 12.803694972660935], [79.82622137254094, 12.803166858036512], [79.81929306949796, 12.72972679267259]]]}}, {"type": "Feature", "properties": {"ac_no": 7, "constituency": "Maduravoyal", "region": "Chennai Metro", "party_2026": "TVK", "party_2021": "DMK", "winner_2026": "RHEVANTH CHARAN", "winner_2021": "GANAPATHY.K", "flipped": true, "flip_from": "DMK", "flip_to": "TVK", "margin_pct": 20.9, "vote_share_2026": 48.3}, "geometry": {"type": "Polygon", "coordinates": [[[79.97341506952979, 12.682249063836682], [80.0730714106721, 12.675171100848777], [80.07354817055763, 12.83602578119516], [79.96683602075494, 12.833194839971394], [79.97341506952979, 12.682249063836682]]]}}, {"type": "Feature", "properties": {"ac_no": 8, "constituency": "Ambattur", "region": "Chennai Metro", "party_2026": "TVK", "party_2021": "DMK", "winner_2026": "BALAMURUGAN.G", "winner_2021": "JOSEPH SAMUEL", "flipped": true, "flip_from": "DMK", "flip_to": "TVK", "margin_pct": 22.6, "vote_share_2026": 51.3}, "geometry": {"type": "Polygon", "coordinates": [[[80.04812149407178, 12.702465306460581], [80.15496300857302, 12.688694401745236], [80.15587921154504, 12.809251114763743], [80.05165512678576, 12.815847543534455], [80.04812149407178, 12.702465306460581]]]}}, {"type": "Feature", "properties": {"ac_no": 9, "constituency": "Madavaram", "region": "Chennai Metro", "party_2026": "TVK", "party_2021": "DMK", "winner_2026": "M.L.VIJAYPRABHU", "winner_2021": "SUDHARSANAM. S", "flipped": true, "flip_from": "DMK", "flip_to": "TVK", "margin_pct": 26.2, "vote_share_2026": 52.6}, "geometry": {"type": "Polygon", "coordinates": [[[80.13755751555091, 12.726418152601653], [80.21884809904314, 12.727902929814396], [80.22534330737217, 12.776883225793071], [80.13392207830758, 12.788975517829446], [80.13755751555091, 12.726418152601653]]]}}, {"type": "Feature", "properties": {"ac_no": 10, "constituency": "Thiruvottiyur", "region": "Chennai Metro", "party_2026": "TVK", "party_2021": "DMK", "winner_2026": "SENTHIL KUMAR. N", "winner_2021": "K.P.SHANKAR", "flipped": true, "flip_from": "DMK", "flip_to": "TVK", "margin_pct": 25.9, "vote_share_2026": 53.1}, "geometry": {"type": "Polygon", "coordinates": [[[80.22856774582752, 12.701940923006264], [80.36303926387767, 12.704587462437308], [80.35587944015623, 12.810478614417452], [80.2285889465128, 12.812001587751288], [80.22856774582752, 12.701940923006264]]]}}, {"type": "Feature", "properties": {"ac_no": 11, "constituency": "Dr.Radhakrishnan Nagar", "region": "Chennai Metro", "party_2026": "TVK", "party_2021": "DMK", "winner_2026": "N. MARIE WILSON", "winner_2021": "EBENEZER. J.J. (@)  JOHN EBENEZER.J", "flipped": true, "flip_from": "DMK", "flip_to": "TVK", "margin_pct": 27.4, "vote_share_2026": 54.0}, "geometry": {"type": "Polygon", "coordinates": [[[79.85932017298079, 12.798809559218272], [79.9520470182849, 12.797731811554318], [79.94392089549717, 12.888702034687855], [79.84935985240206, 12.888682214104904], [79.85932017298079, 12.798809559218272]]]}}, {"type": "Feature", "properties": {"ac_no": 12, "constituency": "Perambur", "region": "Chennai Metro", "party_2026": "TVK", "party_2021": "DMK", "winner_2026": "C. JOSEPH VIJAY", "winner_2021": "SHEKAR. R.D", "flipped": true, "flip_from": "DMK", "flip_to": "TVK", "margin_pct": 26.3, "vote_share_2026": 58.9}, "geometry": {"type": "Polygon", "coordinates": [[[79.95186741249285, 12.785151520565934], [80.07431030298093, 12.781552454190214], [80.06182535322799, 12.875792548338351], [79.94664595432864, 12.878077775335404], [79.95186741249285, 12.785151520565934]]]}}, {"type": "Feature", "properties": {"ac_no": 13, "constituency": "Kolathur", "region": "Chennai Metro", "party_2026": "TVK", "party_2021": "DMK", "winner_2026": "V. S. BABU", "winner_2021": "M.K. STALIN", "flipped": true, "flip_from": "DMK", "flip_to": "TVK", "margin_pct": 4.8, "vote_share_2026": 45.1}, "geometry": {"type": "Polygon", "coordinates": [[[80.03930380138098, 12.803008566758436], [80.12440241510774, 12.795321136229312], [80.12748120358609, 12.886294496108423], [80.0374754478511, 12.88779183556027], [80.03930380138098, 12.803008566758436]]]}}, {"type": "Feature", "properties": {"ac_no": 14, "constituency": "Villivakkam", "region": "Chennai Metro", "party_2026": "TVK", "party_2021": "DMK", "winner_2026": "AADHAV ARJUNA", "winner_2021": "A . Vetriazhagan", "flipped": true, "flip_from": "DMK", "flip_to": "TVK", "margin_pct": 12.2, "vote_share_2026": 47.0}, "geometry": {"type": "Polygon", "coordinates": [[[80.15610296143765, 12.780660945594187], [80.25222620950355, 12.77927455418394], [80.23876160695275, 12.875412625756152], [80.1401287800331, 12.86676815955154], [80.15610296143765, 12.780660945594187]]]}}, {"type": "Feature", "properties": {"ac_no": 15, "constituency": "Thiru-Vi-Ka-Nagar", "region": "Chennai Metro", "party_2026": "TVK", "party_2021": "DMK", "winner_2026": "M. R. PALLAVI", "winner_2021": "SIVAKUMAR.P", "flipped": true, "flip_from": "DMK", "flip_to": "TVK", "margin_pct": 15.5, "vote_share_2026": 48.0}, "geometry": {"type": "Polygon", "coordinates": [[[80.25853035784094, 12.831548805084989], [80.34346346564772, 12.824697455829785], [80.33863643634287, 12.876216354100686], [80.25273935389741, 12.88359009371756], [80.25853035784094, 12.831548805084989]]]}}, {"type": "Feature", "properties": {"ac_no": 16, "constituency": "Egmore", "region": "Chennai Metro", "party_2026": "TVK", "party_2021": "DMK", "winner_2026": "RAJMOHAN", "winner_2021": "I.PARANTHAMEN", "flipped": true, "flip_from": "DMK", "flip_to": "TVK", "margin_pct": 9.0, "vote_share_2026": 45.0}, "geometry": {"type": "Polygon", "coordinates": [[[79.88372348312673, 12.915318262870185], [79.93306299696397, 12.902060092779825], [79.9412105211286, 13.000404882415564], [79.87353051949788, 12.998929022374929], [79.88372348312673, 12.915318262870185]]]}}, {"type": "Feature", "properties": {"ac_no": 17, "constituency": "Royapuram", "region": "Chennai Metro", "party_2026": "TVK", "party_2021": "DMK", "winner_2026": "K.V. VIJAY DAMU", "winner_2021": "MURTHY.R.IDREAM", "flipped": true, "flip_from": "DMK", "flip_to": "TVK", "margin_pct": 11.2, "vote_share_2026": 46.4}, "geometry": {"type": "Polygon", "coordinates": [[[79.91532711557817, 12.909353876644996], [80.05068399832273, 12.9048012355825], [80.05040315083832, 12.995105956142547], [79.9253414478358, 12.989726601470817], [79.91532711557817, 12.909353876644996]]]}}, {"type": "Feature", "properties": {"ac_no": 18, "constituency": "Harbour", "region": "Chennai Metro", "party_2026": "DMK", "party_2021": "DMK", "winner_2026": "P K SEKARBABU", "winner_2021": "SEKARBABU. P.K", "flipped": false, "flip_from": "", "flip_to": "", "margin_pct": 11.8, "vote_share_2026": 45.4}, "geometry": {"type": "Polygon", "coordinates": [[[80.06232840759245, 12.90285974398008], [80.18189946838042, 12.887793715029659], [80.1700067177127, 12.999210755349692], [80.06415222156846, 13.003919469610379], [80.06232840759245, 12.90285974398008]]]}}, {"type": "Feature", "properties": {"ac_no": 19, "constituency": "Chepauk-Thiruvallikeni", "region": "Chennai Metro", "party_2026": "DMK", "party_2021": "DMK", "winner_2026": "UDHAYANIDHI STALIN", "winner_2021": "UDHAYANIDHI STALIN", "flipped": false, "flip_from": "", "flip_to": "", "margin_pct": 5.1, "vote_share_2026": 44.8}, "geometry": {"type": "Polygon", "coordinates": [[[80.14528480763174, 12.911329178660848], [80.22734953343867, 12.903768632806912], [80.21917871360577, 13.010760537053438], [80.1341184237988, 13.00749064334196], [80.14528480763174, 12.911329178660848]]]}}, {"type": "Feature", "properties": {"ac_no": 20, "constituency": "Thousand Lights", "region": "Chennai Metro", "party_2026": "TVK", "party_2021": "DMK", "winner_2026": "PRABHAKAR.J.C.D", "winner_2021": "EZHILAN N", "flipped": true, "flip_from": "DMK", "flip_to": "TVK", "margin_pct": 11.5, "vote_share_2026": 44.7}, "geometry": {"type": "Polygon", "coordinates": [[[80.23359376619838, 12.929149820338164], [80.38081573464902, 12.916008715301777], [80.36943883624816, 13.009124785500621], [80.22494862801639, 13.007239117363001], [80.23359376619838, 12.929149820338164]]]}}, {"type": "Feature", "properties": {"ac_no": 21, "constituency": "Anna Nagar", "region": "Chennai Metro", "party_2026": "TVK", "party_2021": "DMK", "winner_2026": "V.K.RAMKUMAR", "winner_2021": "M.K. Mohan", "flipped": true, "flip_from": "DMK", "flip_to": "TVK", "margin_pct": 13.1, "vote_share_2026": 43.7}, "geometry": {"type": "Polygon", "coordinates": [[[79.87481543171504, 12.99776214082996], [79.92815264784667, 13.002119328602644], [79.93395175200476, 13.114526278866451], [79.87190083322001, 13.111573209298946], [79.87481543171504, 12.99776214082996]]]}}, {"type": "Feature", "properties": {"ac_no": 22, "constituency": "Virugampakkam", "region": "Chennai Metro", "party_2026": "TVK", "party_2021": "DMK", "winner_2026": "SABARINATHAN.R", "winner_2021": "AMV.PRABHAKARA RAJA", "flipped": true, "flip_from": "DMK", "flip_to": "TVK", "margin_pct": 15.7, "vote_share_2026": 44.0}, "geometry": {"type": "Polygon", "coordinates": [[[79.93647993407652, 13.015475270913342], [80.07353054052673, 13.027277287166832], [80.07498676339978, 13.10326852908023], [79.94607921358775, 13.105843683495003], [79.93647993407652, 13.015475270913342]]]}}, {"type": "Feature", "properties": {"ac_no": 23, "constituency": "Saidapet", "region": "Chennai Metro", "party_2026": "TVK", "party_2021": "DMK", "winner_2026": "ARUL PRAKASAM. M", "winner_2021": "SUBRAMANIAN. MA", "flipped": true, "flip_from": "DMK", "flip_to": "TVK", "margin_pct": 17.8, "vote_share_2026": 50.6}, "geometry": {"type": "Polygon", "coordinates": [[[80.05717159243443, 12.983512309842283], [80.14947468389704, 12.975919000773978], [80.14568080775149, 13.0994048712443], [80.05144170537274, 13.095275262073299], [80.05717159243443, 12.983512309842283]]]}}, {"type": "Feature", "properties": {"ac_no": 24, "constituency": "Thiyagarayanagar", "region": "Chennai Metro", "party_2026": "TVK", "party_2021": "DMK", "winner_2026": "ANAND N", "winner_2021": "KARUNANITHI J", "flipped": true, "flip_from": "DMK", "flip_to": "TVK", "margin_pct": 9.7, "vote_share_2026": 38.6}, "geometry": {"type": "Polygon", "coordinates": [[[80.12113637195024, 13.007447402150966], [80.27932933431225, 12.999210065647986], [80.2872494374584, 13.091790585552374], [80.12659162709696, 13.07747223842327], [80.12113637195024, 13.007447402150966]]]}}, {"type": "Feature", "properties": {"ac_no": 25, "constituency": "Mylapore", "region": "Chennai Metro", "party_2026": "TVK", "party_2021": "DMK", "winner_2026": "VENKATARAMANAN. P", "winner_2021": "VELU.DHA", "flipped": true, "flip_from": "DMK", "flip_to": "TVK", "margin_pct": 19.2, "vote_share_2026": 46.5}, "geometry": {"type": "Polygon", "coordinates": [[[80.26585023856697, 13.019021230579888], [80.35854693366929, 13.00838335586886], [80.35082530166628, 13.098436869142619], [80.2775222171249, 13.100680656952843], [80.26585023856697, 13.019021230579888]]]}}, {"type": "Feature", "properties": {"ac_no": 26, "constituency": "Velachery", "region": "Chennai Metro", "party_2026": "TVK", "party_2021": "INC", "winner_2026": "KUMAR. R", "winner_2021": "JMH.AASSAN MAULAANA", "flipped": true, "flip_from": "INC", "flip_to": "TVK", "margin_pct": 18.0, "vote_share_2026": 43.5}, "geometry": {"type": "Polygon", "coordinates": [[[79.8712285389327, 13.094391315255606], [79.97198089423027, 13.092344734686662], [79.9679327177648, 13.213774376216078], [79.87432445431223, 13.226380612918314], [79.8712285389327, 13.094391315255606]]]}}, {"type": "Feature", "properties": {"ac_no": 27, "constituency": "Shozhinganallur", "region": "Chennai Metro", "party_2026": "TVK", "party_2021": "DMK", "winner_2026": "ECR P SARAVANAN", "winner_2021": "S.ARAVINDRAMESH", "flipped": true, "flip_from": "DMK", "flip_to": "TVK", "margin_pct": 21.6, "vote_share_2026": 49.3}, "geometry": {"type": "Polygon", "coordinates": [[[79.95031293430661, 13.103096575795488], [80.02811192820654, 13.099106826966356], [80.02331146782967, 13.19426240819875], [79.95067077835506, 13.185911560530622], [79.95031293430661, 13.103096575795488]]]}}, {"type": "Feature", "properties": {"ac_no": 28, "constituency": "Alandur", "region": "Chennai Metro", "party_2026": "TVK", "party_2021": "DMK", "winner_2026": "M.HARISH", "winner_2021": "T.M.Anbarasan", "flipped": true, "flip_from": "DMK", "flip_to": "TVK", "margin_pct": 11.3, "vote_share_2026": 42.9}, "geometry": {"type": "Polygon", "coordinates": [[[80.07213802875212, 13.11263172663875], [80.12556523687655, 13.120455765024683], [80.13127356444171, 13.212229588554596], [80.05819902151018, 13.212354913563892], [80.07213802875212, 13.11263172663875]]]}}, {"type": "Feature", "properties": {"ac_no": 29, "constituency": "Sriperumbudur", "region": "Chennai Metro", "party_2026": "TVK", "party_2021": "INC", "winner_2026": "THENNARASU.K", "winner_2021": "SELVAPERUNTHAGAI", "flipped": true, "flip_from": "INC", "flip_to": "TVK", "margin_pct": 16.4, "vote_share_2026": 44.6}, "geometry": {"type": "Polygon", "coordinates": [[[80.1558779453211, 13.121676127783795], [80.27618600769799, 13.120831037598693], [80.27496808267742, 13.190196874524128], [80.15486165657629, 13.204864037936577], [80.1558779453211, 13.121676127783795]]]}}, {"type": "Feature", "properties": {"ac_no": 30, "constituency": "Pallavaram", "region": "Chennai Metro", "party_2026": "TVK", "party_2021": "DMK", "winner_2026": "J.KAMATCHI", "winner_2021": "KARUNANITHI", "flipped": true, "flip_from": "DMK", "flip_to": "TVK", "margin_pct": 19.3, "vote_share_2026": 47.1}, "geometry": {"type": "Polygon", "coordinates": [[[80.24665581810126, 13.115458358469784], [80.35940244507061, 13.105690099925557], [80.36549918956922, 13.225775150109058], [80.24701656835626, 13.212752101338118], [80.24665581810126, 13.115458358469784]]]}}, {"type": "Feature", "properties": {"ac_no": 31, "constituency": "Tambaram", "region": "Chennai Metro", "party_2026": "TVK", "party_2021": "DMK", "winner_2026": "D.SARATHKUMAR", "winner_2021": "Raja.S.R", "flipped": true, "flip_from": "DMK", "flip_to": "TVK", "margin_pct": 12.8, "vote_share_2026": 42.7}, "geometry": {"type": "Polygon", "coordinates": [[[79.82854703943217, 13.224067232421437], [79.95064163728617, 13.227663206844873], [79.9645760871982, 13.328831769307284], [79.82759726576117, 13.337107188494281], [79.82854703943217, 13.224067232421437]]]}}, {"type": "Feature", "properties": {"ac_no": 32, "constituency": "Chengalpattu", "region": "Chennai Metro", "party_2026": "TVK", "party_2021": "DMK", "winner_2026": "S. THIYAGARAJAN", "winner_2021": "VARALAKSHMI.M", "flipped": true, "flip_from": "DMK", "flip_to": "TVK", "margin_pct": 11.0, "vote_share_2026": 42.3}, "geometry": {"type": "Polygon", "coordinates": [[[79.91637971444321, 13.188163060284591], [80.0689553130242, 13.19286741708777], [80.06182831359294, 13.2849118956984], [79.92943457089623, 13.294645252020192], [79.91637971444321, 13.188163060284591]]]}}, {"type": "Feature", "properties": {"ac_no": 138, "constituency": "Manapparai", "region": "Delta", "party_2026": "TVK", "party_2021": "DMK", "winner_2026": "R. KATHIRAVAN", "winner_2021": "ABDUL SAMAD P", "flipped": true, "flip_from": "DMK", "flip_to": "TVK", "margin_pct": 0.6, "vote_share_2026": 34.4}, "geometry": {"type": "Polygon", "coordinates": [[[79.28002137962082, 10.374182943954576], [79.4909388947276, 10.384070458593262], [79.50699151058619, 10.556421546299438], [79.27829334870867, 10.552175686461725], [79.28002137962082, 10.374182943954576]]]}}, {"type": "Feature", "properties": {"ac_no": 139, "constituency": "Srirangam", "region": "Delta", "party_2026": "TVK", "party_2021": "DMK", "winner_2026": "RAMESH", "winner_2021": "Palaniyandi.M", "flipped": true, "flip_from": "DMK", "flip_to": "TVK", "margin_pct": 13.2, "vote_share_2026": 40.5}, "geometry": {"type": "Polygon", "coordinates": [[[79.46123570550591, 10.414551792794168], [79.64984020829154, 10.406260800623013], [79.65495204740665, 10.546283794497905], [79.4670285459289, 10.552360706606425], [79.46123570550591, 10.414551792794168]]]}}, {"type": "Feature", "properties": {"ac_no": 140, "constituency": "Tiruchirappalli (West)", "region": "Delta", "party_2026": "DMK", "party_2021": "DMK", "winner_2026": "K.N.NEHRU", "winner_2021": "Nehru, K.N.", "flipped": false, "flip_from": "", "flip_to": "", "margin_pct": 2.4, "vote_share_2026": 44.9}, "geometry": {"type": "Polygon", "coordinates": [[[79.67550216946083, 10.429863391379815], [79.81605823610222, 10.433080708215588], [79.80459664174697, 10.566964661386653], [79.67950261377504, 10.572324139747364], [79.67550216946083, 10.429863391379815]]]}}, {"type": "Feature", "properties": {"ac_no": 141, "constituency": "Tiruchirappalli (East)", "region": "Delta", "party_2026": "TVK", "party_2021": "DMK", "winner_2026": "C. JOSEPH VIJAY", "winner_2021": "INIGO IRUDAYARAJ,S.", "flipped": true, "flip_from": "DMK", "flip_to": "TVK", "margin_pct": 15.0, "vote_share_2026": 50.1}, "geometry": {"type": "Polygon", "coordinates": [[[79.81463077089167, 10.408599940826203], [80.02113136742567, 10.41040061066993], [80.02079687489615, 10.552784881010998], [79.81448011495392, 10.553956079578988], [79.81463077089167, 10.408599940826203]]]}}, {"type": "Feature", "properties": {"ac_no": 142, "constituency": "Thiruverumbur", "region": "Delta", "party_2026": "TVK", "party_2021": "DMK", "winner_2026": "VIJAYAKUMAR (A) NAVALPATTU S. VIJI", "winner_2021": "ANBIL MAHESH POYYAMOZHI", "flipped": true, "flip_from": "DMK", "flip_to": "TVK", "margin_pct": 4.1, "vote_share_2026": 42.1}, "geometry": {"type": "Polygon", "coordinates": [[[79.31296291235633, 10.544627347728756], [79.45984796116647, 10.556459602534215], [79.45769749430515, 10.709264415792656], [79.30948977619515, 10.724372351895019], [79.31296291235633, 10.544627347728756]]]}}, {"type": "Feature", "properties": {"ac_no": 143, "constituency": "Lalgudi", "region": "Delta", "party_2026": "AIADMK", "party_2021": "DMK", "winner_2026": "LEEMAROSE MARTIN", "winner_2021": "A.SOUNDARAPANDIAN", "flipped": true, "flip_from": "DMK", "flip_to": "AIADMK", "margin_pct": 1.5, "vote_share_2026": 32.8}, "geometry": {"type": "Polygon", "coordinates": [[[79.48269555904793, 10.575057173667327], [79.68032601135718, 10.579821981042505], [79.67190609303732, 10.689602370919001], [79.4851832216938, 10.690062942455011], [79.48269555904793, 10.575057173667327]]]}}, {"type": "Feature", "properties": {"ac_no": 144, "constituency": "Manachanallur", "region": "Delta", "party_2026": "DMK", "party_2021": "DMK", "winner_2026": "KATHIRAVAN. S", "winner_2021": "S. KATHIRAVAN", "flipped": false, "flip_from": "", "flip_to": "", "margin_pct": 5.9, "vote_share_2026": 38.8}, "geometry": {"type": "Polygon", "coordinates": [[[79.68640086801918, 10.574491135872456], [79.84419238670323, 10.574240833714688], [79.83785897160575, 10.740565947226868], [79.67717616106698, 10.743018556551753], [79.68640086801918, 10.574491135872456]]]}}, {"type": "Feature", "properties": {"ac_no": 145, "constituency": "Musiri", "region": "Delta", "party_2026": "TVK", "party_2021": "DMK", "winner_2026": "M.VIGNESH", "winner_2021": "N. Thiyagarajan", "flipped": true, "flip_from": "DMK", "flip_to": "TVK", "margin_pct": 9.2, "vote_share_2026": 37.7}, "geometry": {"type": "Polygon", "coordinates": [[[79.82829067768066, 10.57010938786897], [79.99652404919277, 10.581816820843029], [80.00617893837963, 10.74500323097526], [79.8303250574424, 10.729666531358767], [79.82829067768066, 10.57010938786897]]]}}, {"type": "Feature", "properties": {"ac_no": 146, "constituency": "Thuraiyur", "region": "Delta", "party_2026": "TVK", "party_2021": "DMK", "winner_2026": "RAVISANKAR.M", "winner_2021": "S.STALINKUMAR", "flipped": true, "flip_from": "DMK", "flip_to": "TVK", "margin_pct": 5.2, "vote_share_2026": 35.9}, "geometry": {"type": "Polygon", "coordinates": [[[79.31294730730856, 10.707275229174742], [79.49604182082408, 10.699109764724476], [79.49231271428086, 10.868135085567905], [79.31287327396014, 10.860330005638392], [79.31294730730856, 10.707275229174742]]]}}, {"type": "Feature", "properties": {"ac_no": 160, "constituency": "Sirkazhi", "region": "Delta", "party_2026": "DMK", "party_2021": "DMK", "winner_2026": "SENTHILSELVAN.R", "winner_2021": "PANNEERSELVAM", "flipped": false, "flip_from": "", "flip_to": "", "margin_pct": 5.7, "vote_share_2026": 35.6}, "geometry": {"type": "Polygon", "coordinates": [[[79.48959001539679, 10.731650968501256], [79.66305632878525, 10.730651945682668], [79.6643966539716, 10.86016035781411], [79.49335656058786, 10.85340316503494], [79.48959001539679, 10.731650968501256]]]}}, {"type": "Feature", "properties": {"ac_no": 161, "constituency": "Mayiladuthurai", "region": "Delta", "party_2026": "INC", "party_2021": "INC", "winner_2026": "JAMAL MOHAMED YOUNOOS. Y.N", "winner_2021": "Rajakumar.S", "flipped": false, "flip_from": "", "flip_to": "", "margin_pct": 5.8, "vote_share_2026": 36.1}, "geometry": {"type": "Polygon", "coordinates": [[[79.63502018076699, 10.741486666080862], [79.82240337067033, 10.746745586832336], [79.81905911430547, 10.886160191834422], [79.63664835164298, 10.881192553208596], [79.63502018076699, 10.741486666080862]]]}}, {"type": "Feature", "properties": {"ac_no": 162, "constituency": "Poompuhar", "region": "Delta", "party_2026": "DMK", "party_2021": "DMK", "winner_2026": "NIVEDHA M MURUGAN", "winner_2021": "Nivedha M. Murugan", "flipped": false, "flip_from": "", "flip_to": "", "margin_pct": 3.8, "vote_share_2026": 37.0}, "geometry": {"type": "Polygon", "coordinates": [[[79.84763061857917, 10.712261669580085], [80.00244534474241, 10.716261475543783], [79.99054967204978, 10.876331338267004], [79.83811697405866, 10.879941767466654], [79.84763061857917, 10.712261669580085]]]}}, {"type": "Feature", "properties": {"ac_no": 163, "constituency": "Nagapattinam", "region": "Delta", "party_2026": "DMK", "party_2021": "VCK", "winner_2026": "M.H.JAWAHIRULLAH", "winner_2021": "J. Mohamed Shanavas", "flipped": true, "flip_from": "VCK", "flip_to": "DMK", "margin_pct": 6.5, "vote_share_2026": 37.2}, "geometry": {"type": "Polygon", "coordinates": [[[79.27608541745975, 10.89605795091421], [79.44900812104176, 10.895299702547682], [79.45156146476089, 11.005275653794138], [79.2779412177619, 11.006076743604382], [79.27608541745975, 10.89605795091421]]]}}, {"type": "Feature", "properties": {"ac_no": 164, "constituency": "Kilvelur", "region": "Delta", "party_2026": "CPI(M)", "party_2021": "CPI(M)", "winner_2026": "LATHA. T", "winner_2021": "NAGAIMAALI V P", "flipped": false, "flip_from": "", "flip_to": "", "margin_pct": 1.5, "vote_share_2026": 37.0}, "geometry": {"type": "Polygon", "coordinates": [[[79.47994622746546, 10.834386172615826], [79.61568324061247, 10.829501468622011], [79.62589773401234, 11.040090841555068], [79.48908543350645, 11.039193729453926], [79.47994622746546, 10.834386172615826]]]}}, {"type": "Feature", "properties": {"ac_no": 165, "constituency": "Vedaranyam", "region": "Delta", "party_2026": "AIADMK", "party_2021": "AIADMK", "winner_2026": "MANIAN. O.S", "winner_2021": "O.S.MANIAN", "flipped": false, "flip_from": "", "flip_to": "", "margin_pct": 4.5, "vote_share_2026": 36.5}, "geometry": {"type": "Polygon", "coordinates": [[[79.67469850393232, 10.834990477931083], [79.8308923633842, 10.849815563606574], [79.82618039932139, 11.02169730900713], [79.67503349365505, 11.014547400944274], [79.67469850393232, 10.834990477931083]]]}}, {"type": "Feature", "properties": {"ac_no": 166, "constituency": "Thiruthuraipoondi", "region": "Delta", "party_2026": "CPI", "party_2021": "CPI", "winner_2026": "MARIMUTHU.K", "winner_2021": "MARIMUTHU K", "flipped": false, "flip_from": "", "flip_to": "", "margin_pct": 6.8, "vote_share_2026": 38.8}, "geometry": {"type": "Polygon", "coordinates": [[[79.83111352958397, 10.870155349314196], [79.98655126386414, 10.879781870055803], [79.98627931547051, 11.017588641462918], [79.82613429569732, 11.022508769283746], [79.83111352958397, 10.870155349314196]]]}}, {"type": "Feature", "properties": {"ac_no": 167, "constituency": "Mannargudi", "region": "Delta", "party_2026": "AMMK", "party_2021": "DMK", "winner_2026": "KAMARAJ. S", "winner_2021": "RAJAA T R B", "flipped": true, "flip_from": "DMK", "flip_to": "AMMK", "margin_pct": 0.8, "vote_share_2026": 35.2}, "geometry": {"type": "Polygon", "coordinates": [[[79.29140880884675, 11.016840844778324], [79.50830969488548, 11.030405901739423], [79.50739416531951, 11.179842031974191], [79.29348624509896, 11.1698711180262], [79.29140880884675, 11.016840844778324]]]}}, {"type": "Feature", "properties": {"ac_no": 168, "constituency": "Thiruvarur", "region": "Delta", "party_2026": "DMK", "party_2021": "DMK", "winner_2026": "KALAIVANAN POONDI  K", "winner_2021": "KALAIVANAN  POONDI  K.", "flipped": false, "flip_from": "", "flip_to": "", "margin_pct": 8.3, "vote_share_2026": 42.9}, "geometry": {"type": "Polygon", "coordinates": [[[79.47058110866263, 11.005269664459295], [79.63239136657457, 11.015530060887418], [79.6314470328837, 11.16873521259806], [79.47970702560113, 11.167196111498683], [79.47058110866263, 11.005269664459295]]]}}, {"type": "Feature", "properties": {"ac_no": 169, "constituency": "Nannilam", "region": "Delta", "party_2026": "AIADMK", "party_2021": "AIADMK", "winner_2026": "KAMARAJ. R", "winner_2021": "KAMARAJ R", "flipped": false, "flip_from": "", "flip_to": "", "margin_pct": 18.0, "vote_share_2026": 44.7}, "geometry": {"type": "Polygon", "coordinates": [[[79.67551816044349, 10.999030761417247], [79.80215017759154, 10.999124643628027], [79.79752743376773, 11.185305700823482], [79.6672710787419, 11.195081667047152], [79.67551816044349, 10.999030761417247]]]}}, {"type": "Feature", "properties": {"ac_no": 170, "constituency": "Thiruvidaimarudur", "region": "Delta", "party_2026": "DMK", "party_2021": "DMK", "winner_2026": "GOVI.CHEZHIAAN", "winner_2021": "CHEZHIAAN,  GOVI.", "flipped": false, "flip_from": "", "flip_to": "", "margin_pct": 6.8, "vote_share_2026": 38.3}, "geometry": {"type": "Polygon", "coordinates": [[[79.84182443665713, 11.03281549428947], [80.02348806226316, 11.030315161449087], [80.02490678238593, 11.2009181029404], [79.83296498588979, 11.21209841683129], [79.84182443665713, 11.03281549428947]]]}}, {"type": "Feature", "properties": {"ac_no": 171, "constituency": "Kumbakonam", "region": "Delta", "party_2026": "TVK", "party_2021": "DMK", "winner_2026": "VINOTH", "winner_2021": "ANBALAGAN, G.", "flipped": true, "flip_from": "DMK", "flip_to": "TVK", "margin_pct": 0.3, "vote_share_2026": 37.8}, "geometry": {"type": "Polygon", "coordinates": [[[79.29826645594083, 11.190765616875929], [79.49648802138795, 11.184268097087305], [79.49332492286514, 11.34323918456864], [79.29977718027483, 11.35769690982175], [79.29826645594083, 11.190765616875929]]]}}, {"type": "Feature", "properties": {"ac_no": 172, "constituency": "Papanasam", "region": "Delta", "party_2026": "IUML", "party_2021": "DMK", "winner_2026": "A.M. SHAHJAHAN", "winner_2021": "Dr.JAWAHIRULLAH, M.H.", "flipped": true, "flip_from": "DMK", "flip_to": "IUML", "margin_pct": 0.5, "vote_share_2026": 33.4}, "geometry": {"type": "Polygon", "coordinates": [[[79.45816370733122, 11.18104960835898], [79.6374824930353, 11.19113348385542], [79.62903908250964, 11.31542615843785], [79.46344395973703, 11.313424242433983], [79.45816370733122, 11.18104960835898]]]}}, {"type": "Feature", "properties": {"ac_no": 173, "constituency": "Thiruvaiyaru", "region": "Delta", "party_2026": "DMK", "party_2021": "DMK", "winner_2026": "DURAI. CHANDRASEKARAN", "winner_2021": "DURAI.CHANDRASEKARAN", "flipped": false, "flip_from": "", "flip_to": "", "margin_pct": 3.9, "vote_share_2026": 36.2}, "geometry": {"type": "Polygon", "coordinates": [[[79.66242766138494, 11.176956454823017], [79.81289101396142, 11.174184411422708], [79.8004371995216, 11.315734051115154], [79.65860008386828, 11.325908179514162], [79.66242766138494, 11.176956454823017]]]}}, {"type": "Feature", "properties": {"ac_no": 174, "constituency": "Thanjavur", "region": "Delta", "party_2026": "TVK", "party_2021": "DMK", "winner_2026": "R. VIJAYSARAVANAN", "winner_2021": "NEELAMEGAM, T.K.G.", "flipped": true, "flip_from": "DMK", "flip_to": "TVK", "margin_pct": 8.5, "vote_share_2026": 44.1}, "geometry": {"type": "Polygon", "coordinates": [[[79.83439491799734, 11.18341110254484], [79.9909151471988, 11.180542814492258], [79.98506461601393, 11.328571472088242], [79.83865087522247, 11.332232425187351], [79.83439491799734, 11.18341110254484]]]}}, {"type": "Feature", "properties": {"ac_no": 175, "constituency": "Orathanadu", "region": "Delta", "party_2026": "DMK", "party_2021": "AIADMK", "winner_2026": "R. VAITHILINGAM", "winner_2021": "VAITHILINGAM, R.", "flipped": true, "flip_from": "AIADMK", "flip_to": "DMK", "margin_pct": 17.9, "vote_share_2026": 44.4}, "geometry": {"type": "Polygon", "coordinates": [[[79.30116632107038, 11.323474685614922], [79.44252725338222, 11.320519363593222], [79.44332439282864, 11.491754588712437], [79.30116709184243, 11.49929464052729], [79.30116632107038, 11.323474685614922]]]}}, {"type": "Feature", "properties": {"ac_no": 176, "constituency": "Pattukkottai", "region": "Delta", "party_2026": "DMK", "party_2021": "DMK", "winner_2026": "ANNADURAI K", "winner_2021": "ANNADURAI, K.", "flipped": false, "flip_from": "", "flip_to": "", "margin_pct": 7.5, "vote_share_2026": 35.9}, "geometry": {"type": "Polygon", "coordinates": [[[79.4615420637561, 11.351065212494495], [79.63510980568157, 11.3520653676527], [79.63457388745104, 11.480241977340803], [79.46312261193358, 11.495422609927278], [79.4615420637561, 11.351065212494495]]]}}, {"type": "Feature", "properties": {"ac_no": 177, "constituency": "Peravurani", "region": "Delta", "party_2026": "DMK", "party_2021": "DMK", "winner_2026": "ASHOKKUMAR. N", "winner_2021": "ASHOKKUMAR, N.", "flipped": false, "flip_from": "", "flip_to": "", "margin_pct": 1.8, "vote_share_2026": 34.6}, "geometry": {"type": "Polygon", "coordinates": [[[79.64761867035216, 11.337278689089915], [79.82624980808318, 11.351327069805059], [79.83153023559264, 11.48992699291479], [79.66210140517556, 11.47653686434286], [79.64761867035216, 11.337278689089915]]]}}, {"type": "Feature", "properties": {"ac_no": 178, "constituency": "Gandharvakottai", "region": "Delta", "party_2026": "TVK", "party_2021": "CPI(M)", "winner_2026": "N. SUBRAMANIAN", "winner_2021": "M.Chinnadurai", "flipped": true, "flip_from": "CPI(M)", "flip_to": "TVK", "margin_pct": 6.6, "vote_share_2026": 35.1}, "geometry": {"type": "Polygon", "coordinates": [[[79.84379286213235, 11.335250552744554], [79.98171022755004, 11.335660845836385], [79.9786253772342, 11.490515340590687], [79.83872154110597, 11.490505778590741], [79.84379286213235, 11.335250552744554]]]}}, {"type": "Feature", "properties": {"ac_no": 179, "constituency": "Viralimalai", "region": "Delta", "party_2026": "AIADMK", "party_2021": "AIADMK", "winner_2026": "VIJAYABASKAR. C", "winner_2021": "VIJAYA BASKER C", "flipped": false, "flip_from": "", "flip_to": "", "margin_pct": 30.4, "vote_share_2026": 51.9}, "geometry": {"type": "Polygon", "coordinates": [[[79.3300260299983, 11.497784474510365], [79.45959851185734, 11.497082527680154], [79.46780569766325, 11.668265235855777], [79.32715452608413, 11.657769990856984], [79.3300260299983, 11.497784474510365]]]}}, {"type": "Feature", "properties": {"ac_no": 180, "constituency": "Pudukkottai", "region": "Delta", "party_2026": "DMK", "party_2021": "DMK", "winner_2026": "V. MUTHURAJA", "winner_2021": "V . MUTHURAJA", "flipped": false, "flip_from": "", "flip_to": "", "margin_pct": 1.0, "vote_share_2026": 35.1}, "geometry": {"type": "Polygon", "coordinates": [[[79.49045117998077, 11.51179041505465], [79.65080787360229, 11.506591008146799], [79.651888413531, 11.666593517167875], [79.49366079867904, 11.653754306645984], [79.49045117998077, 11.51179041505465]]]}}, {"type": "Feature", "properties": {"ac_no": 181, "constituency": "Thirumayam", "region": "Delta", "party_2026": "DMK", "party_2021": "DMK", "winner_2026": "REGUPATHY.S", "winner_2021": "S.REGUPATHY", "flipped": false, "flip_from": "", "flip_to": "", "margin_pct": 0.8, "vote_share_2026": 31.9}, "geometry": {"type": "Polygon", "coordinates": [[[79.61610827367358, 11.477190178932444], [79.8181198251411, 11.476192564543842], [79.8135565047452, 11.63689540386355], [79.61647833353086, 11.637481365104268], [79.61610827367358, 11.477190178932444]]]}}, {"type": "Feature", "properties": {"ac_no": 182, "constituency": "Alangudi", "region": "Delta", "party_2026": "DMK", "party_2021": "DMK", "winner_2026": "SIVA.V.MEYYANATHAN", "winner_2021": "SIVA.V.MEYYANATHAN", "flipped": false, "flip_from": "", "flip_to": "", "margin_pct": 7.2, "vote_share_2026": 36.0}, "geometry": {"type": "Polygon", "coordinates": [[[79.84729529697147, 11.494565678279702], [80.01402628508495, 11.488408164594642], [80.0124771898235, 11.644940218163756], [79.84310508401921, 11.641768466483056], [79.84729529697147, 11.494565678279702]]]}}, {"type": "Feature", "properties": {"ac_no": 183, "constituency": "Aranthangi", "region": "Delta", "party_2026": "TVK", "party_2021": "INC", "winner_2026": "MOHAMED FARVAS. J", "winner_2021": "RAMACHANDRAN T", "flipped": true, "flip_from": "INC", "flip_to": "TVK", "margin_pct": 5.5, "vote_share_2026": 40.1}, "geometry": {"type": "Polygon", "coordinates": [[[79.27623354456682, 11.624512236965684], [79.44879430403307, 11.614760617486525], [79.44417180903082, 11.822827258974913], [79.27796125685346, 11.824357074672127], [79.27623354456682, 11.624512236965684]]]}}, {"type": "Feature", "properties": {"ac_no": 98, "constituency": "Erode (East)", "region": "Kongu", "party_2026": "TVK", "party_2021": "INC", "winner_2026": "M.VIJAY BALAJI", "winner_2021": "THIRUMAHAN EVERAA,E.", "flipped": true, "flip_from": "INC", "flip_to": "TVK", "margin_pct": 14.8, "vote_share_2026": 42.9}, "geometry": {"type": "Polygon", "coordinates": [[[76.47661538112204, 9.988735560239759], [76.79757720369422, 9.989625111142312], [76.78455753230311, 10.244370128032969], [76.48273560068601, 10.247783666507503], [76.47661538112204, 9.988735560239759]]]}}, {"type": "Feature", "properties": {"ac_no": 99, "constituency": "Erode (West)", "region": "Kongu", "party_2026": "TVK", "party_2021": "DMK", "winner_2026": "ANANTH MOGHAN K.K.", "winner_2021": "Muthusamy S", "flipped": true, "flip_from": "DMK", "flip_to": "TVK", "margin_pct": 10.0, "vote_share_2026": 43.7}, "geometry": {"type": "Polygon", "coordinates": [[[76.81042453594924, 10.025869873092375], [77.10293955603514, 10.021677336005466], [77.1178123823231, 10.283112276197103], [76.81147926301819, 10.281250378973219], [76.81042453594924, 10.025869873092375]]]}}, {"type": "Feature", "properties": {"ac_no": 100, "constituency": "Modakkurichi", "region": "Kongu", "party_2026": "TVK", "party_2021": "BJP", "winner_2026": "D.SHANMUGAN", "winner_2021": "SARASWATHI.C", "flipped": true, "flip_from": "BJP", "flip_to": "TVK", "margin_pct": 1.3, "vote_share_2026": 31.8}, "geometry": {"type": "Polygon", "coordinates": [[[77.13191745808261, 9.995662853563283], [77.39449617475705, 9.99689870246171], [77.39191237316994, 10.275117654729886], [77.12890857874714, 10.273263889208469], [77.13191745808261, 9.995662853563283]]]}}, {"type": "Feature", "properties": {"ac_no": 101, "constituency": "Dharapuram", "region": "Kongu", "party_2026": "AIADMK", "party_2021": "DMK", "winner_2026": "SATHYABAMA.P", "winner_2021": "KAYALVIZHI N", "flipped": true, "flip_from": "DMK", "flip_to": "AIADMK", "margin_pct": 8.4, "vote_share_2026": 40.6}, "geometry": {"type": "Polygon", "coordinates": [[[77.39976771459642, 9.98056865194832], [77.68683363497654, 9.974291951729798], [77.68414483165634, 10.246194127811739], [77.38453021952684, 10.244870161781929], [77.39976771459642, 9.98056865194832]]]}}, {"type": "Feature", "properties": {"ac_no": 102, "constituency": "Kangayam", "region": "Kongu", "party_2026": "AIADMK", "party_2021": "DMK", "winner_2026": "NSN NATARAJ", "winner_2021": "SAMINATHAN.M.P", "flipped": true, "flip_from": "DMK", "flip_to": "AIADMK", "margin_pct": 4.0, "vote_share_2026": 34.9}, "geometry": {"type": "Polygon", "coordinates": [[[77.72490072647813, 9.965623732287185], [78.02080188760436, 9.966185299359045], [78.02898514094996, 10.252228480107874], [77.72566997655159, 10.24132842444411], [77.72490072647813, 9.965623732287185]]]}}, {"type": "Feature", "properties": {"ac_no": 103, "constituency": "Perundurai", "region": "Kongu", "party_2026": "AIADMK", "party_2021": "AIADMK", "winner_2026": "JAYAKUMAR. S", "winner_2021": "JAYAKUMAR, S.", "flipped": false, "flip_from": "", "flip_to": "", "margin_pct": 4.8, "vote_share_2026": 35.0}, "geometry": {"type": "Polygon", "coordinates": [[[76.4952559810848, 10.263853335260311], [76.7991251740155, 10.26680533580877], [76.79526371738434, 10.495107948510663], [76.50181563398793, 10.497979807263112], [76.4952559810848, 10.263853335260311]]]}}, {"type": "Feature", "properties": {"ac_no": 104, "constituency": "Bhavani", "region": "Kongu", "party_2026": "AIADMK", "party_2021": "AIADMK", "winner_2026": "KARUPPANAN. K.C", "winner_2021": "KARUPPANAN.K.C", "flipped": false, "flip_from": "", "flip_to": "", "margin_pct": 3.6, "vote_share_2026": 36.3}, "geometry": {"type": "Polygon", "coordinates": [[[76.81941704317548, 10.280042558546175], [77.08994416130892, 10.284464943549812], [77.1004632842512, 10.549056144210073], [76.82552946959827, 10.536843275520473], [76.81941704317548, 10.280042558546175]]]}}, {"type": "Feature", "properties": {"ac_no": 105, "constituency": "Anthiyur", "region": "Kongu", "party_2026": "AIADMK", "party_2021": "DMK", "winner_2026": "HARIBASKAR.P", "winner_2021": "VENKATACHALAM.A.G", "flipped": true, "flip_from": "DMK", "flip_to": "AIADMK", "margin_pct": 0.7, "vote_share_2026": 32.3}, "geometry": {"type": "Polygon", "coordinates": [[[77.0778468078668, 10.285815934827195], [77.41479173103778, 10.27572100809906], [77.4132068451175, 10.513468402403827], [77.09229570445694, 10.51121043481903], [77.0778468078668, 10.285815934827195]]]}}, {"type": "Feature", "properties": {"ac_no": 106, "constituency": "Gobichettipalayam", "region": "Kongu", "party_2026": "TVK", "party_2021": "AIADMK", "winner_2026": "SENGOTTAIYAN.K.A", "winner_2021": "SENGOTTAIYAN K.A", "flipped": true, "flip_from": "AIADMK", "flip_to": "TVK", "margin_pct": 7.6, "vote_share_2026": 37.6}, "geometry": {"type": "Polygon", "coordinates": [[[77.39354088501821, 10.23194520099173], [77.71874341974979, 10.240501265621754], [77.72202880111024, 10.52025485002125], [77.39399678173324, 10.502860769518467], [77.39354088501821, 10.23194520099173]]]}}, {"type": "Feature", "properties": {"ac_no": 107, "constituency": "Bhavanisagar", "region": "Kongu", "party_2026": "TVK", "party_2021": "AIADMK", "winner_2026": "V.P.TAMILSELVI", "winner_2021": "A.Bannari", "flipped": true, "flip_from": "AIADMK", "flip_to": "TVK", "margin_pct": 2.1, "vote_share_2026": 33.7}, "geometry": {"type": "Polygon", "coordinates": [[[77.71932634686407, 10.262304327352147], [78.02628628575344, 10.269669793994876], [78.01384884570942, 10.53546820368985], [77.72492438081669, 10.522863074104148], [77.71932634686407, 10.262304327352147]]]}}, {"type": "Feature", "properties": {"ac_no": 108, "constituency": "Udhagamandalam", "region": "Kongu", "party_2026": "BJP", "party_2021": "INC", "winner_2026": "BHOJARAJAN.M", "winner_2021": "GANESH, R.", "flipped": true, "flip_from": "INC", "flip_to": "BJP", "margin_pct": 0.7, "vote_share_2026": 32.6}, "geometry": {"type": "Polygon", "coordinates": [[[76.47884377241209, 10.534883387348618], [76.77835679919205, 10.530569328647362], [76.78177615720877, 10.766216316194342], [76.4733104060638, 10.779647010110711], [76.47884377241209, 10.534883387348618]]]}}, {"type": "Feature", "properties": {"ac_no": 109, "constituency": "Gudalur", "region": "Kongu", "party_2026": "DMK", "party_2021": "AIADMK", "winner_2026": "DHRAVIDAMANI.M", "winner_2021": "PON.JAYASEELAN", "flipped": true, "flip_from": "AIADMK", "flip_to": "DMK", "margin_pct": 15.1, "vote_share_2026": 43.4}, "geometry": {"type": "Polygon", "coordinates": [[[76.78872265333789, 10.538871290569205], [77.07200636013697, 10.532178910549867], [77.07537777379325, 10.779299486487677], [76.7927569732967, 10.775731130711463], [76.78872265333789, 10.538871290569205]]]}}, {"type": "Feature", "properties": {"ac_no": 110, "constituency": "Coonoor", "region": "Kongu", "party_2026": "DMK", "party_2021": "DMK", "winner_2026": "M. RAJU", "winner_2021": "Ramachandran, K.", "flipped": false, "flip_from": "", "flip_to": "", "margin_pct": 5.7, "vote_share_2026": 35.7}, "geometry": {"type": "Polygon", "coordinates": [[[77.11033134812031, 10.542896882281283], [77.38392680403996, 10.543739718886375], [77.3731650044853, 10.744951762209956], [77.11230435235095, 10.754148040409031], [77.11033134812031, 10.542896882281283]]]}}, {"type": "Feature", "properties": {"ac_no": 111, "constituency": "Mettuppalayam", "region": "Kongu", "party_2026": "TVK", "party_2021": "AIADMK", "winner_2026": "SUNILANAND", "winner_2021": "SELVARAJ A K", "flipped": true, "flip_from": "AIADMK", "flip_to": "TVK", "margin_pct": 3.2, "vote_share_2026": 31.0}, "geometry": {"type": "Polygon", "coordinates": [[[77.38941195405027, 10.533905540587046], [77.67586155860052, 10.535830280989106], [77.66795986881723, 10.75391476340769], [77.3860472630779, 10.767759880598385], [77.38941195405027, 10.533905540587046]]]}}, {"type": "Feature", "properties": {"ac_no": 112, "constituency": "Avanashi", "region": "Kongu", "party_2026": "TVK", "party_2021": "AIADMK", "winner_2026": "KAMALI.S", "winner_2021": "DHANAPAL, P", "flipped": true, "flip_from": "AIADMK", "flip_to": "TVK", "margin_pct": 6.6, "vote_share_2026": 36.4}, "geometry": {"type": "Polygon", "coordinates": [[[77.68287659288276, 10.517770046543793], [78.00888436527528, 10.517134515465198], [78.01598678800275, 10.779433892829488], [77.67229386058497, 10.77774238355521], [77.68287659288276, 10.517770046543793]]]}}, {"type": "Feature", "properties": {"ac_no": 113, "constituency": "Tiruppur (North)", "region": "Kongu", "party_2026": "TVK", "party_2021": "AIADMK", "winner_2026": "V.SATHYABAMA", "winner_2021": "VIJEYAKUMAR.K.N", "flipped": true, "flip_from": "AIADMK", "flip_to": "TVK", "margin_pct": 26.6, "vote_share_2026": 49.9}, "geometry": {"type": "Polygon", "coordinates": [[[76.47328890907359, 10.767911234557488], [76.83056149533576, 10.766791448537052], [76.82342779396565, 11.06297393891481], [76.47909872550322, 11.054893435064063], [76.47328890907359, 10.767911234557488]]]}}, {"type": "Feature", "properties": {"ac_no": 114, "constituency": "Tiruppur (South)", "region": "Kongu", "party_2026": "TVK", "party_2021": "DMK", "winner_2026": "BALAMURUGAN. S", "winner_2021": "SELVARAJ. K.", "flipped": true, "flip_from": "DMK", "flip_to": "TVK", "margin_pct": 7.2, "vote_share_2026": 41.0}, "geometry": {"type": "Polygon", "coordinates": [[[76.78457197540385, 10.792757368278002], [77.10060817497656, 10.794729420526977], [77.09203657152376, 11.050807479301893], [76.7778154658583, 11.048590556475839], [76.78457197540385, 10.792757368278002]]]}}, {"type": "Feature", "properties": {"ac_no": 115, "constituency": "Palladam", "region": "Kongu", "party_2026": "TVK", "party_2021": "AIADMK", "winner_2026": "K.RAMKUMAR", "winner_2021": "ANANDAN M S M", "flipped": true, "flip_from": "AIADMK", "flip_to": "TVK", "margin_pct": 12.6, "vote_share_2026": 40.3}, "geometry": {"type": "Polygon", "coordinates": [[[77.11444341861277, 10.774357575066249], [77.36717686076267, 10.780472315344632], [77.37125254577296, 11.049759094642974], [77.11229496877246, 11.051327671895843], [77.11444341861277, 10.774357575066249]]]}}, {"type": "Feature", "properties": {"ac_no": 116, "constituency": "Sulur", "region": "Kongu", "party_2026": "TVK", "party_2021": "AIADMK", "winner_2026": "NM.SUKUMAR", "winner_2021": "KANDASAMY V.P.", "flipped": true, "flip_from": "AIADMK", "flip_to": "TVK", "margin_pct": 1.8, "vote_share_2026": 33.1}, "geometry": {"type": "Polygon", "coordinates": [[[77.40005952978625, 10.789572798413303], [77.68118180079651, 10.801693080746812], [77.66489205074079, 11.022200212871837], [77.38863241937804, 11.025144714750057], [77.40005952978625, 10.789572798413303]]]}}, {"type": "Feature", "properties": {"ac_no": 117, "constituency": "Kavundampalayam", "region": "Kongu", "party_2026": "TVK", "party_2021": "AIADMK", "winner_2026": "KANIMOZHI SANTHOSH", "winner_2021": "G.Arunkumar", "flipped": true, "flip_from": "AIADMK", "flip_to": "TVK", "margin_pct": 11.6, "vote_share_2026": 40.2}, "geometry": {"type": "Polygon", "coordinates": [[[77.71582825192426, 10.741621720914699], [78.0193775643119, 10.75500861625345], [78.02476127629271, 11.032917182001079], [77.71197504001991, 11.036917509690067], [77.71582825192426, 10.741621720914699]]]}}, {"type": "Feature", "properties": {"ac_no": 118, "constituency": "Coimbatore (North)", "region": "Kongu", "party_2026": "TVK", "party_2021": "AIADMK", "winner_2026": "V. SAMPATHKUMAR", "winner_2021": "AMMAN K.ARJUNAN", "flipped": true, "flip_from": "AIADMK", "flip_to": "TVK", "margin_pct": 9.7, "vote_share_2026": 40.9}, "geometry": {"type": "Polygon", "coordinates": [[[76.51207431542481, 11.021422509147323], [76.82509402458307, 11.023584324540378], [76.8224224215116, 11.294541429048731], [76.51498587088544, 11.301482145306817], [76.51207431542481, 11.021422509147323]]]}}, {"type": "Feature", "properties": {"ac_no": 119, "constituency": "Thondamuthur", "region": "Kongu", "party_2026": "AIADMK", "party_2021": "AIADMK", "winner_2026": "S.P.VELUMANI", "winner_2021": "S.P. VELUMANI", "flipped": false, "flip_from": "", "flip_to": "", "margin_pct": 5.7, "vote_share_2026": 36.1}, "geometry": {"type": "Polygon", "coordinates": [[[76.79225215882565, 11.023212601185465], [77.09984074644413, 11.021774649538433], [77.10354196616015, 11.264539145576952], [76.79957011602927, 11.270468440317098], [76.79225215882565, 11.023212601185465]]]}}, {"type": "Feature", "properties": {"ac_no": 120, "constituency": "Coimbatore (South)", "region": "Kongu", "party_2026": "DMK", "party_2021": "BJP", "winner_2026": "V SENTHILBALAJI", "winner_2021": "VANATHI SRINIVASAN", "flipped": true, "flip_from": "BJP", "flip_to": "DMK", "margin_pct": 1.5, "vote_share_2026": 38.2}, "geometry": {"type": "Polygon", "coordinates": [[[77.13014012378872, 11.000591452935511], [77.39396032686984, 10.996007776447401], [77.39746575606661, 11.303674011611694], [77.13024525876072, 11.300442605201454], [77.13014012378872, 11.000591452935511]]]}}, {"type": "Feature", "properties": {"ac_no": 121, "constituency": "Singanallur", "region": "Kongu", "party_2026": "TVK", "party_2021": "AIADMK", "winner_2026": "K.S.SRI GIRI PRASATH", "winner_2021": "Jayaram, K.R", "flipped": true, "flip_from": "AIADMK", "flip_to": "TVK", "margin_pct": 8.7, "vote_share_2026": 38.1}, "geometry": {"type": "Polygon", "coordinates": [[[77.4188239915948, 11.040810858283328], [77.70176178505054, 11.051419926696667], [77.6997351138364, 11.287212016295417], [77.42327986838242, 11.291705541497938], [77.4188239915948, 11.040810858283328]]]}}, {"type": "Feature", "properties": {"ac_no": 122, "constituency": "Kinathukadavu", "region": "Kongu", "party_2026": "TVK", "party_2021": "AIADMK", "winner_2026": "VIGNESH K", "winner_2021": "Damodaran.S", "flipped": true, "flip_from": "AIADMK", "flip_to": "TVK", "margin_pct": 4.4, "vote_share_2026": 37.3}, "geometry": {"type": "Polygon", "coordinates": [[[77.71209152682641, 11.007684011348578], [78.00717942354417, 11.00858931937729], [78.01253701094838, 11.266599241598396], [77.71160165120284, 11.276833823374949], [77.71209152682641, 11.007684011348578]]]}}, {"type": "Feature", "properties": {"ac_no": 123, "constituency": "Pollachi", "region": "Kongu", "party_2026": "DMK", "party_2021": "AIADMK", "winner_2026": "K. NITHYANANDHAN", "winner_2021": "Pollachi V. Jayaraman", "flipped": true, "flip_from": "AIADMK", "flip_to": "DMK", "margin_pct": 2.6, "vote_share_2026": 34.2}, "geometry": {"type": "Polygon", "coordinates": [[[76.50204320245886, 11.278901463285049], [76.8050818758969, 11.284777935607263], [76.80959366859565, 11.572927572833214], [76.4889959010401, 11.558769652127673], [76.50204320245886, 11.278901463285049]]]}}, {"type": "Feature", "properties": {"ac_no": 124, "constituency": "Valparai", "region": "Kongu", "party_2026": "DMK", "party_2021": "AIADMK", "winner_2026": "KUTTY (ALIAS) SUDHAKAR. A", "winner_2021": "AMULKANDASAMI T K", "flipped": true, "flip_from": "AIADMK", "flip_to": "DMK", "margin_pct": 6.2, "vote_share_2026": 36.3}, "geometry": {"type": "Polygon", "coordinates": [[[76.77640934349077, 11.283010203772328], [77.08698809129618, 11.281300737494366], [77.07539032035508, 11.557848098453878], [76.78009607348731, 11.548670136121183], [76.77640934349077, 11.283010203772328]]]}}, {"type": "Feature", "properties": {"ac_no": 125, "constituency": "Udumalaipettai", "region": "Kongu", "party_2026": "DMK", "party_2021": "AIADMK", "winner_2026": "JAYAKUMAR M.", "winner_2021": "Radhakrishnan,K.", "flipped": true, "flip_from": "AIADMK", "flip_to": "DMK", "margin_pct": 1.4, "vote_share_2026": 33.7}, "geometry": {"type": "Polygon", "coordinates": [[[77.09611840214816, 11.279644171202593], [77.404865873507, 11.289840064230633], [77.40390118212761, 11.52914083703605], [77.0893146009863, 11.528829549773887], [77.09611840214816, 11.279644171202593]]]}}, {"type": "Feature", "properties": {"ac_no": 126, "constituency": "Madathukulam", "region": "Kongu", "party_2026": "DMK", "party_2021": "AIADMK", "winner_2026": "R JAYARAMAKRISHNAN", "winner_2021": "C MAHENDRAN", "flipped": true, "flip_from": "AIADMK", "flip_to": "DMK", "margin_pct": 8.5, "vote_share_2026": 37.4}, "geometry": {"type": "Polygon", "coordinates": [[[77.37442274886868, 11.299006771760242], [77.67122627030342, 11.296703351203508], [77.67269239327993, 11.549752368931152], [77.36791649909637, 11.555683119804966], [77.37442274886868, 11.299006771760242]]]}}, {"type": "Feature", "properties": {"ac_no": 134, "constituency": "Aravakurichi", "region": "Kongu", "party_2026": "DMK", "party_2021": "DMK", "winner_2026": "ELANGO. R", "winner_2021": "ELANGO. R", "flipped": false, "flip_from": "", "flip_to": "", "margin_pct": 10.7, "vote_share_2026": 39.1}, "geometry": {"type": "Polygon", "coordinates": [[[77.69129020354963, 11.288892170778851], [78.01719418825151, 11.29653025652796], [78.01295370349708, 11.5326230598737], [77.69560317407698, 11.534633707074953], [77.69129020354963, 11.288892170778851]]]}}, {"type": "Feature", "properties": {"ac_no": 135, "constituency": "Karur", "region": "Kongu", "party_2026": "AIADMK", "party_2021": "DMK", "winner_2026": "M.R. VIJAYABHASKAR", "winner_2021": "SENTHILBALAJI V", "flipped": true, "flip_from": "DMK", "flip_to": "AIADMK", "margin_pct": 0.8, "vote_share_2026": 33.0}, "geometry": {"type": "Polygon", "coordinates": [[[76.51172170885319, 11.572489312415506], [76.8183907279005, 11.570776096738767], [76.81746113208543, 11.773308508978605], [76.50679459503436, 11.774069785182602], [76.51172170885319, 11.572489312415506]]]}}, {"type": "Feature", "properties": {"ac_no": 136, "constituency": "Krishnarayapuram", "region": "Kongu", "party_2026": "TVK", "party_2021": "DMK", "winner_2026": "SATHYA. M", "winner_2021": "SIVAGAMA SUNDARI.K", "flipped": true, "flip_from": "DMK", "flip_to": "TVK", "margin_pct": 1.8, "vote_share_2026": 32.9}, "geometry": {"type": "Polygon", "coordinates": [[[76.78692358392844, 11.524647204454435], [77.10832101333192, 11.524382228255535], [77.11165883140232, 11.821887229860321], [76.79331403711626, 11.821896124854401], [76.78692358392844, 11.524647204454435]]]}}, {"type": "Feature", "properties": {"ac_no": 137, "constituency": "Kulithalai", "region": "Kongu", "party_2026": "DMK", "party_2021": "DMK", "winner_2026": "SURIYANUR. A. CHANDRAN", "winner_2021": "R.Manickam", "flipped": false, "flip_from": "", "flip_to": "", "margin_pct": 0.3, "vote_share_2026": 32.6}, "geometry": {"type": "Polygon", "coordinates": [[[77.09691278827322, 11.564443710706769], [77.36874268949238, 11.561480838384599], [77.37129867355642, 11.807208778356054], [77.09128910958728, 11.799797231142055], [77.09691278827322, 11.564443710706769]]]}}, {"type": "Feature", "properties": {"ac_no": 33, "constituency": "Thiruporur", "region": "North", "party_2026": "TVK", "party_2021": "VCK", "winner_2026": "B.VIJAYARAJ", "winner_2021": "S.S.Balaji", "flipped": true, "flip_from": "VCK", "flip_to": "TVK", "margin_pct": 15.0, "vote_share_2026": 42.0}, "geometry": {"type": "Polygon", "coordinates": [[[78.5062965900978, 11.80060508791577], [78.73270292855464, 11.79406613533912], [78.73638112579918, 12.067451139289094], [78.50315945763651, 12.065270915350487], [78.5062965900978, 11.80060508791577]]]}}, {"type": "Feature", "properties": {"ac_no": 34, "constituency": "Cheyyur", "region": "North", "party_2026": "AIADMK", "party_2021": "VCK", "winner_2026": "RAJASEKAR. E", "winner_2021": "Babu M", "flipped": true, "flip_from": "VCK", "flip_to": "AIADMK", "margin_pct": 3.0, "vote_share_2026": 34.0}, "geometry": {"type": "Polygon", "coordinates": [[[78.71778822155524, 11.779921839012465], [78.9529871661313, 11.784873507486555], [78.94974382556471, 12.07644897743639], [78.7224421202383, 12.083934815138514], [78.71778822155524, 11.779921839012465]]]}}, {"type": "Feature", "properties": {"ac_no": 35, "constituency": "Madurantakam", "region": "North", "party_2026": "AIADMK", "party_2021": "AIADMK", "winner_2026": "MARAGATHAM KUMARAVEL.K", "winner_2021": "Maragatham. K", "flipped": false, "flip_from": "", "flip_to": "", "margin_pct": 3.6, "vote_share_2026": 34.9}, "geometry": {"type": "Polygon", "coordinates": [[[78.9039815561888, 11.79699940691059], [79.14293188853776, 11.799230468281332], [79.14531718323391, 12.022997304326676], [78.90741828672203, 12.02475342732719], [78.9039815561888, 11.79699940691059]]]}}, {"type": "Feature", "properties": {"ac_no": 36, "constituency": "Uthiramerur", "region": "North", "party_2026": "TVK", "party_2021": "DMK", "winner_2026": "MUNIRATHINAM.J", "winner_2021": "SUNDAR K", "flipped": true, "flip_from": "DMK", "flip_to": "TVK", "margin_pct": 6.2, "vote_share_2026": 37.3}, "geometry": {"type": "Polygon", "coordinates": [[[79.11966198774849, 11.82026837058165], [79.38716191833429, 11.818116478150255], [79.3829760315618, 12.043637539550089], [79.12023770618734, 12.041082575616214], [79.11966198774849, 11.82026837058165]]]}}, {"type": "Feature", "properties": {"ac_no": 37, "constituency": "Kancheepuram", "region": "North", "party_2026": "TVK", "party_2021": "DMK", "winner_2026": "R.V. RANJITHKUMAR", "winner_2021": "C.V.M.P. Ezhailzrasan", "flipped": true, "flip_from": "DMK", "flip_to": "TVK", "margin_pct": 6.3, "vote_share_2026": 37.1}, "geometry": {"type": "Polygon", "coordinates": [[[79.38932152473527, 11.80928493762516], [79.57599332379303, 11.826212561366907], [79.58154297178527, 12.06849036920621], [79.38733415813917, 12.067504654774446], [79.38932152473527, 11.80928493762516]]]}}, {"type": "Feature", "properties": {"ac_no": 38, "constituency": "Arakkonam", "region": "North", "party_2026": "TVK", "party_2021": "AIADMK", "winner_2026": "V. GANDHIRAJ", "winner_2021": "S.RAVI", "flipped": true, "flip_from": "AIADMK", "flip_to": "TVK", "margin_pct": 12.7, "vote_share_2026": 40.5}, "geometry": {"type": "Polygon", "coordinates": [[[79.58258097630068, 11.801401477218128], [79.76919809352998, 11.79930978370888], [79.77401270249318, 12.050162267714072], [79.56778084066656, 12.05383061303209], [79.58258097630068, 11.801401477218128]]]}}, {"type": "Feature", "properties": {"ac_no": 39, "constituency": "Sholingur", "region": "North", "party_2026": "TVK", "party_2021": "INC", "winner_2026": "G.KAPIL", "winner_2021": "A.M.MUNIRATHINAM", "flipped": true, "flip_from": "INC", "flip_to": "TVK", "margin_pct": 2.4, "vote_share_2026": 36.2}, "geometry": {"type": "Polygon", "coordinates": [[[79.7723695382996, 11.801333363319785], [80.01567508653794, 11.786743707707622], [80.00491550039924, 12.061230488797909], [79.76165105282112, 12.069418420503284], [79.7723695382996, 11.801333363319785]]]}}, {"type": "Feature", "properties": {"ac_no": 40, "constituency": "Katpadi", "region": "North", "party_2026": "TVK", "party_2021": "DMK", "winner_2026": "DR M SUDHAKAR", "winner_2021": "DURAIMURUGAN", "flipped": true, "flip_from": "DMK", "flip_to": "TVK", "margin_pct": 2.9, "vote_share_2026": 34.3}, "geometry": {"type": "Polygon", "coordinates": [[[78.49869051540227, 12.027768111227047], [78.70800668632467, 12.034367587535332], [78.70569043400997, 12.328207089235978], [78.50351000752542, 12.319188204699902], [78.49869051540227, 12.027768111227047]]]}}, {"type": "Feature", "properties": {"ac_no": 41, "constituency": "Ranipet", "region": "North", "party_2026": "TVK", "party_2021": "DMK", "winner_2026": "THAHIRA", "winner_2021": "R.GANDHI", "flipped": true, "flip_from": "DMK", "flip_to": "TVK", "margin_pct": 2.6, "vote_share_2026": 41.2}, "geometry": {"type": "Polygon", "coordinates": [[[78.69543392459234, 12.029694096752833], [78.92678762792724, 12.037181810954893], [78.92876336103019, 12.325653094791058], [78.70688346916323, 12.333691934063477], [78.69543392459234, 12.029694096752833]]]}}, {"type": "Feature", "properties": {"ac_no": 42, "constituency": "Arcot", "region": "North", "party_2026": "AIADMK", "party_2021": "DMK", "winner_2026": "S.M.SUKUMAR", "winner_2021": "J.L.Eswarappan", "flipped": true, "flip_from": "DMK", "flip_to": "AIADMK", "margin_pct": 18.9, "vote_share_2026": 46.8}, "geometry": {"type": "Polygon", "coordinates": [[[78.92362177044855, 12.066328129029303], [79.12835254874214, 12.06608041975817], [79.11639773693697, 12.288958997271518], [78.91883342395172, 12.290016194376186], [78.92362177044855, 12.066328129029303]]]}}, {"type": "Feature", "properties": {"ac_no": 43, "constituency": "Vellore", "region": "North", "party_2026": "TVK", "party_2021": "DMK", "winner_2026": "M.M.VINOTH KANNAN", "winner_2021": "Karthikeyan .P", "flipped": true, "flip_from": "DMK", "flip_to": "TVK", "margin_pct": 3.6, "vote_share_2026": 38.3}, "geometry": {"type": "Polygon", "coordinates": [[[79.14009411219578, 12.056539186589088], [79.3460605790829, 12.042215668967406], [79.34461168229072, 12.28368702940631], [79.13476395426042, 12.285181091800112], [79.14009411219578, 12.056539186589088]]]}}, {"type": "Feature", "properties": {"ac_no": 44, "constituency": "Anaikattu", "region": "North", "party_2026": "AIADMK", "party_2021": "DMK", "winner_2026": "D.VELAZHAGAN", "winner_2021": "A.P.Nandakumar", "flipped": true, "flip_from": "DMK", "flip_to": "AIADMK", "margin_pct": 3.3, "vote_share_2026": 35.3}, "geometry": {"type": "Polygon", "coordinates": [[[79.36291779153933, 12.01595927469636], [79.58457903487886, 12.014242732445696], [79.58061159201712, 12.302521876205956], [79.35732968065467, 12.302628659737628], [79.36291779153933, 12.01595927469636]]]}}, {"type": "Feature", "properties": {"ac_no": 45, "constituency": "Kilvaithinankuppam", "region": "North", "party_2026": "TVK", "party_2021": "AIADMK", "winner_2026": "THENRAL KUMAR. E", "winner_2021": "M.JAGAN MOORTHY", "flipped": true, "flip_from": "AIADMK", "flip_to": "TVK", "margin_pct": 10.7, "vote_share_2026": 39.1}, "geometry": {"type": "Polygon", "coordinates": [[[79.59091356735757, 12.034593521002082], [79.79170406219798, 12.024577651449263], [79.78569559729789, 12.328467583317542], [79.5981486669278, 12.335694891168968], [79.59091356735757, 12.034593521002082]]]}}, {"type": "Feature", "properties": {"ac_no": 46, "constituency": "Gudiyattam", "region": "North", "party_2026": "TVK", "party_2021": "DMK", "winner_2026": "K.SINDU", "winner_2021": "Amulu.V", "flipped": true, "flip_from": "DMK", "flip_to": "TVK", "margin_pct": 4.4, "vote_share_2026": 36.2}, "geometry": {"type": "Polygon", "coordinates": [[[79.8180614958678, 12.081883790845483], [79.97864978886587, 12.072851608541681], [79.98836284393485, 12.288865687293832], [79.81817678381661, 12.287328699474854], [79.8180614958678, 12.081883790845483]]]}}, {"type": "Feature", "properties": {"ac_no": 47, "constituency": "Vaniyambadi", "region": "North", "party_2026": "IUML", "party_2021": "AIADMK", "winner_2026": "SYED FAROOQ BASHA SSB", "winner_2021": "G.SENDHIL KUMAR", "flipped": true, "flip_from": "AIADMK", "flip_to": "IUML", "margin_pct": 1.4, "vote_share_2026": 34.4}, "geometry": {"type": "Polygon", "coordinates": [[[78.46667813985111, 12.28524183190801], [78.7191428351096, 12.276328465012567], [78.72625751543691, 12.585298708596664], [78.46998040395093, 12.573450238471189], [78.46667813985111, 12.28524183190801]]]}}, {"type": "Feature", "properties": {"ac_no": 48, "constituency": "Ambur", "region": "North", "party_2026": "DMK", "party_2021": "DMK", "winner_2026": "VILWANATHAN. A.C.", "winner_2021": "VILWANATHAN.A.C", "flipped": false, "flip_from": "", "flip_to": "", "margin_pct": 3.6, "vote_share_2026": 37.9}, "geometry": {"type": "Polygon", "coordinates": [[[78.68539610319122, 12.301793990380803], [78.91355490228345, 12.29875493026552], [78.91295217382844, 12.529594801262864], [78.69745515702384, 12.542582662525882], [78.68539610319122, 12.301793990380803]]]}}, {"type": "Feature", "properties": {"ac_no": 49, "constituency": "Jolarpet", "region": "North", "party_2026": "AIADMK", "party_2021": "DMK", "winner_2026": "VEERAMANI K.C.", "winner_2021": "DEVARAJI.K.", "flipped": true, "flip_from": "DMK", "flip_to": "AIADMK", "margin_pct": 7.5, "vote_share_2026": 36.9}, "geometry": {"type": "Polygon", "coordinates": [[[78.94251687970686, 12.26873527995232], [79.14059881245625, 12.270669113696911], [79.1394681173819, 12.555394733755026], [78.95275843782008, 12.568327978012386], [78.94251687970686, 12.26873527995232]]]}}, {"type": "Feature", "properties": {"ac_no": 50, "constituency": "Tiruppattur", "region": "North", "party_2026": "TVK", "party_2021": "DMK", "winner_2026": "DR.THIRUPATHI. N", "winner_2021": "KR.PERIYAKARUPPAN", "flipped": true, "flip_from": "DMK", "flip_to": "TVK", "margin_pct": 5.2, "vote_share_2026": 25.1}, "geometry": {"type": "Polygon", "coordinates": [[[79.13444372786624, 12.26280438202406], [79.36364385610737, 12.267208658207716], [79.36881330788033, 12.559266370506505], [79.13808602389533, 12.562885028656053], [79.13444372786624, 12.26280438202406]]]}}, {"type": "Feature", "properties": {"ac_no": 51, "constituency": "Uthangarai", "region": "North", "party_2026": "TVK", "party_2021": "AIADMK", "winner_2026": "N ELAIYARAJA", "winner_2021": "T.M.TAMILSELVAM", "flipped": true, "flip_from": "AIADMK", "flip_to": "TVK", "margin_pct": 2.5, "vote_share_2026": 34.2}, "geometry": {"type": "Polygon", "coordinates": [[[79.34786479211253, 12.319912137967874], [79.5418777542588, 12.318725163315444], [79.55293274324798, 12.539605557074978], [79.3442867551237, 12.538588477168105], [79.34786479211253, 12.319912137967874]]]}}, {"type": "Feature", "properties": {"ac_no": 52, "constituency": "Bargur", "region": "North", "party_2026": "AIADMK", "party_2021": "DMK", "winner_2026": "E.C. GOVINDARASAN", "winner_2021": "MATHIAZHAGAN D", "flipped": true, "flip_from": "DMK", "flip_to": "AIADMK", "margin_pct": 2.0, "vote_share_2026": 33.3}, "geometry": {"type": "Polygon", "coordinates": [[[79.56513263376888, 12.314430978255428], [79.79468177802865, 12.3023193318769], [79.7870068105708, 12.536772487612247], [79.56208410503999, 12.534259734360363], [79.56513263376888, 12.314430978255428]]]}}, {"type": "Feature", "properties": {"ac_no": 53, "constituency": "Krishnagiri", "region": "North", "party_2026": "TVK", "party_2021": "AIADMK", "winner_2026": "MUKUNDHAN.P", "winner_2021": "Ashokkumar.K", "flipped": true, "flip_from": "AIADMK", "flip_to": "TVK", "margin_pct": 8.2, "vote_share_2026": 38.8}, "geometry": {"type": "Polygon", "coordinates": [[[79.75311711143257, 12.297235340844917], [80.00322510266399, 12.29342154376488], [79.99755618166236, 12.555858758665611], [79.75205671816782, 12.554548856826264], [79.75311711143257, 12.297235340844917]]]}}, {"type": "Feature", "properties": {"ac_no": 54, "constituency": "Veppanahalli", "region": "North", "party_2026": "DMK", "party_2021": "AIADMK", "winner_2026": "SRINIVASAN.P.S", "winner_2021": "K.P.Munusamy", "flipped": true, "flip_from": "AIADMK", "flip_to": "DMK", "margin_pct": 0.1, "vote_share_2026": 33.6}, "geometry": {"type": "Polygon", "coordinates": [[[78.51056078704742, 12.5501176800954], [78.71701612864248, 12.55481391202895], [78.70961872907566, 12.803104066609508], [78.5229460056816, 12.798817511313775], [78.51056078704742, 12.5501176800954]]]}}, {"type": "Feature", "properties": {"ac_no": 55, "constituency": "Hosur", "region": "North", "party_2026": "AIADMK", "party_2021": "DMK", "winner_2026": "BALAKRISHNAREDDY. P", "winner_2021": "PRAKAASH Y", "flipped": true, "flip_from": "DMK", "flip_to": "AIADMK", "margin_pct": 10.0, "vote_share_2026": 39.6}, "geometry": {"type": "Polygon", "coordinates": [[[78.6948255928293, 12.51606793935761], [78.92705112069167, 12.51539682240514], [78.9176027654099, 12.834488916755118], [78.69178800074201, 12.83825741875725], [78.6948255928293, 12.51606793935761]]]}}, {"type": "Feature", "properties": {"ac_no": 56, "constituency": "Thalli", "region": "North", "party_2026": "CPI", "party_2021": "CPI", "winner_2026": "RAMACHANDRAN. T", "winner_2021": "RAMACHANDRAN.T", "flipped": false, "flip_from": "", "flip_to": "", "margin_pct": 2.5, "vote_share_2026": 38.0}, "geometry": {"type": "Polygon", "coordinates": [[[78.94397744279284, 12.586893207522296], [79.13584047879851, 12.582860542288682], [79.14099112487634, 12.793656181881623], [78.94008789142879, 12.790208635099589], [78.94397744279284, 12.586893207522296]]]}}, {"type": "Feature", "properties": {"ac_no": 57, "constituency": "Palacodu", "region": "North", "party_2026": "AIADMK", "party_2021": "AIADMK", "winner_2026": "ANBALAGAN. K.P.", "winner_2021": "ANBALAGAN.K.P.", "flipped": false, "flip_from": "", "flip_to": "", "margin_pct": 17.3, "vote_share_2026": 45.6}, "geometry": {"type": "Polygon", "coordinates": [[[79.11857398448478, 12.542793071681649], [79.35078760221852, 12.548101086169295], [79.3625013637667, 12.814471504556819], [79.12414036555033, 12.819491976327132], [79.11857398448478, 12.542793071681649]]]}}, {"type": "Feature", "properties": {"ac_no": 58, "constituency": "Pennagaram", "region": "North", "party_2026": "TVK", "party_2021": "PMK", "winner_2026": "GAJENDRAN. S.", "winner_2021": "MANI. G.K", "flipped": true, "flip_from": "PMK", "flip_to": "TVK", "margin_pct": 1.4, "vote_share_2026": 35.5}, "geometry": {"type": "Polygon", "coordinates": [[[79.34604401047945, 12.529570187165504], [79.56776876283153, 12.53508531444056], [79.56698711794307, 12.833152240861322], [79.33327520378764, 12.820954090861408], [79.34604401047945, 12.529570187165504]]]}}, {"type": "Feature", "properties": {"ac_no": 59, "constituency": "Dharmapuri", "region": "North", "party_2026": "PMK", "party_2021": "PMK", "winner_2026": "SOWMIYA ANBUMANI", "winner_2021": "VENKATESHWARAN.S.P.", "flipped": false, "flip_from": "", "flip_to": "", "margin_pct": 8.8, "vote_share_2026": 39.3}, "geometry": {"type": "Polygon", "coordinates": [[[79.53935854799651, 12.560196833216532], [79.75596963857414, 12.55108520081667], [79.75263970804274, 12.818744320379958], [79.53949836684457, 12.812267301292833], [79.53935854799651, 12.560196833216532]]]}}, {"type": "Feature", "properties": {"ac_no": 60, "constituency": "Pappireddipatti", "region": "North", "party_2026": "AIADMK", "party_2021": "AIADMK", "winner_2026": "MARAGATHAM VETRIVEL", "winner_2021": "GOVINDASAMY.A", "flipped": false, "flip_from": "", "flip_to": "", "margin_pct": 14.0, "vote_share_2026": 43.0}, "geometry": {"type": "Polygon", "coordinates": [[[79.7748326109325, 12.566996623212827], [80.01571914748287, 12.560322808819558], [80.01252586322074, 12.792018045410746], [79.76804886212355, 12.785543238949787], [79.7748326109325, 12.566996623212827]]]}}, {"type": "Feature", "properties": {"ac_no": 61, "constituency": "Harur", "region": "North", "party_2026": "AIADMK", "party_2021": "AIADMK", "winner_2026": "SAMPATHKUMAR. V", "winner_2021": "SAMPATHKUMAR.V", "flipped": false, "flip_from": "", "flip_to": "", "margin_pct": 1.5, "vote_share_2026": 34.3}, "geometry": {"type": "Polygon", "coordinates": [[[78.47592533470409, 12.821472443939136], [78.74111810376219, 12.83128405769402], [78.74914548496429, 13.077778825382655], [78.47880194095406, 13.071431880168927], [78.47592533470409, 12.821472443939136]]]}}, {"type": "Feature", "properties": {"ac_no": 62, "constituency": "Chengam", "region": "North", "party_2026": "AIADMK", "party_2021": "DMK", "winner_2026": "S.VELU", "winner_2021": "GIRI.M.P", "flipped": true, "flip_from": "DMK", "flip_to": "AIADMK", "margin_pct": 5.5, "vote_share_2026": 36.1}, "geometry": {"type": "Polygon", "coordinates": [[[78.70878853105842, 12.79887574809111], [78.90393774057924, 12.796323993665213], [78.91302845591976, 13.072730306962974], [78.71038813938357, 13.073685117228127], [78.70878853105842, 12.79887574809111]]]}}, {"type": "Feature", "properties": {"ac_no": 63, "constituency": "Tiruvannamalai", "region": "North", "party_2026": "DMK", "party_2021": "DMK", "winner_2026": "VELU. E.V", "winner_2021": "E V VELU", "flipped": false, "flip_from": "", "flip_to": "", "margin_pct": 1.1, "vote_share_2026": 40.1}, "geometry": {"type": "Polygon", "coordinates": [[[78.93464933939126, 12.792171580846578], [79.12715110886722, 12.77723586290286], [79.1249452327422, 13.026628873115358], [78.92784094264478, 13.035326298555027], [78.93464933939126, 12.792171580846578]]]}}, {"type": "Feature", "properties": {"ac_no": 64, "constituency": "Kilpennathur", "region": "North", "party_2026": "AIADMK", "party_2021": "DMK", "winner_2026": "RAMACHANDRAN.S", "winner_2021": "K.Pitchandi", "flipped": true, "flip_from": "DMK", "flip_to": "AIADMK", "margin_pct": 13.9, "vote_share_2026": 41.2}, "geometry": {"type": "Polygon", "coordinates": [[[79.15306995987383, 12.782349106208871], [79.3791891803687, 12.787940326963406], [79.37655344224696, 13.073928140741714], [79.1403084722686, 13.073570660789875], [79.15306995987383, 12.782349106208871]]]}}, {"type": "Feature", "properties": {"ac_no": 65, "constituency": "Kalasapakkam", "region": "North", "party_2026": "AIADMK", "party_2021": "DMK", "winner_2026": "AGRI KRISHNAMURTHY. S S", "winner_2021": "Saravanan.P.S.T", "flipped": true, "flip_from": "DMK", "flip_to": "AIADMK", "margin_pct": 12.5, "vote_share_2026": 41.9}, "geometry": {"type": "Polygon", "coordinates": [[[79.38023418778296, 12.831853548034488], [79.54314877996877, 12.837446596693754], [79.54940497066104, 13.05369450245769], [79.38271942190845, 13.049340954874035], [79.38023418778296, 12.831853548034488]]]}}, {"type": "Feature", "properties": {"ac_no": 66, "constituency": "Polur", "region": "North", "party_2026": "TVK", "party_2021": "AIADMK", "winner_2026": "ABISHEK. R", "winner_2021": "Agri KRISHNAMURTHY. S S", "flipped": true, "flip_from": "AIADMK", "flip_to": "TVK", "margin_pct": 0.1, "vote_share_2026": 32.1}, "geometry": {"type": "Polygon", "coordinates": [[[79.55575909292983, 12.809432724624665], [79.7708588109538, 12.806884153669573], [79.77886593233755, 13.047509326171822], [79.56143488783208, 13.050962082680417], [79.55575909292983, 12.809432724624665]]]}}, {"type": "Feature", "properties": {"ac_no": 67, "constituency": "Arani", "region": "North", "party_2026": "AIADMK", "party_2021": "AIADMK", "winner_2026": "JAYASUDHA. L", "winner_2021": "S.RAMACHANDRAN", "flipped": false, "flip_from": "", "flip_to": "", "margin_pct": 2.4, "vote_share_2026": 33.3}, "geometry": {"type": "Polygon", "coordinates": [[[79.77041530428194, 12.78416285191858], [79.97249876816947, 12.782584021742188], [79.9765924787315, 13.082086023892948], [79.76897815829592, 13.07886843840796], [79.77041530428194, 12.78416285191858]]]}}, {"type": "Feature", "properties": {"ac_no": 68, "constituency": "Cheyyar", "region": "North", "party_2026": "AIADMK", "party_2021": "DMK", "winner_2026": "MUKKUR N. SUBRAMANIAN", "winner_2021": "JOTHI. O", "flipped": true, "flip_from": "DMK", "flip_to": "AIADMK", "margin_pct": 9.5, "vote_share_2026": 38.9}, "geometry": {"type": "Polygon", "coordinates": [[[78.51364129691994, 13.069126236867996], [78.69375352537094, 13.074605075639909], [78.69377210253928, 13.331956139588739], [78.51088049052333, 13.33549468504952], [78.51364129691994, 13.069126236867996]]]}}, {"type": "Feature", "properties": {"ac_no": 69, "constituency": "Vandavasi", "region": "North", "party_2026": "DMK", "party_2021": "DMK", "winner_2026": "AMBETHKUMAR. S", "winner_2021": "Ambethkumar S", "flipped": false, "flip_from": "", "flip_to": "", "margin_pct": 1.7, "vote_share_2026": 33.4}, "geometry": {"type": "Polygon", "coordinates": [[[78.72305447850408, 13.03153730909646], [78.94010787614343, 13.028282022279141], [78.93550305636583, 13.278195230332738], [78.71197972666418, 13.275758477576543], [78.72305447850408, 13.03153730909646]]]}}, {"type": "Feature", "properties": {"ac_no": 127, "constituency": "Palani", "region": "South", "party_2026": "AIADMK", "party_2021": "DMK", "winner_2026": "RAVIMANOHARAN. K", "winner_2021": "SENTHIL KUMAR I.P", "flipped": true, "flip_from": "DMK", "flip_to": "AIADMK", "margin_pct": 0.3, "vote_share_2026": 32.1}, "geometry": {"type": "Polygon", "coordinates": [[[76.97355007283339, 7.994489390060727], [77.31254164994677, 7.9921734204732635], [77.30396299760744, 8.307999698249011], [76.96176180512774, 8.307599631795759], [76.97355007283339, 7.994489390060727]]]}}, {"type": "Feature", "properties": {"ac_no": 128, "constituency": "Oddanchatram", "region": "South", "party_2026": "DMK", "party_2021": "DMK", "winner_2026": "SAKKARAPANI. R", "winner_2021": "SAKKARAPANI R", "flipped": false, "flip_from": "", "flip_to": "", "margin_pct": 21.5, "vote_share_2026": 46.2}, "geometry": {"type": "Polygon", "coordinates": [[[77.30211703737002, 7.976539574437199], [77.66102468148192, 7.963954851572646], [77.64638241091846, 8.31246958799816], [77.29343922125773, 8.31926564099204], [77.30211703737002, 7.976539574437199]]]}}, {"type": "Feature", "properties": {"ac_no": 129, "constituency": "Athoor", "region": "South", "party_2026": "DMK", "party_2021": "DMK", "winner_2026": "I. PERIASAMY", "winner_2021": "PERIYASAMY I", "flipped": false, "flip_from": "", "flip_to": "", "margin_pct": 9.4, "vote_share_2026": 44.8}, "geometry": {"type": "Polygon", "coordinates": [[[77.64222135682053, 7.994983824633947], [77.93236367877012, 7.988879215897177], [77.92685223345907, 8.298644702844388], [77.64668010639485, 8.298831039870203], [77.64222135682053, 7.994983824633947]]]}}, {"type": "Feature", "properties": {"ac_no": 130, "constituency": "Nilakkottai", "region": "South", "party_2026": "TVK", "party_2021": "AIADMK", "winner_2026": "AYYANAR.R", "winner_2021": "S.Thenmozhi", "flipped": true, "flip_from": "AIADMK", "flip_to": "TVK", "margin_pct": 1.5, "vote_share_2026": 34.7}, "geometry": {"type": "Polygon", "coordinates": [[[77.94508521991493, 7.983925944442163], [78.21969493467961, 7.992753292410419], [78.22442040406112, 8.308280859966006], [77.95426057031372, 8.30960537201233], [77.94508521991493, 7.983925944442163]]]}}, {"type": "Feature", "properties": {"ac_no": 131, "constituency": "Natham", "region": "South", "party_2026": "AIADMK", "party_2021": "AIADMK", "winner_2026": "NATHAM VISWANATHAN R", "winner_2021": "NATHAM.R.VISWANATHAN", "flipped": false, "flip_from": "", "flip_to": "", "margin_pct": 5.0, "vote_share_2026": 35.8}, "geometry": {"type": "Polygon", "coordinates": [[[78.23234781415871, 7.979529082983644], [78.56374855631611, 7.964391220930374], [78.55652781621716, 8.29034554993453], [78.23290931984381, 8.283828200905937], [78.23234781415871, 7.979529082983644]]]}}, {"type": "Feature", "properties": {"ac_no": 132, "constituency": "Dindigul", "region": "South", "party_2026": "DMK", "party_2021": "AIADMK", "winner_2026": "SENTHILKUMAR. I.P", "winner_2021": "SREENIVASAN.C", "flipped": true, "flip_from": "AIADMK", "flip_to": "DMK", "margin_pct": 0.5, "vote_share_2026": 35.1}, "geometry": {"type": "Polygon", "coordinates": [[[78.53604075668274, 7.993409662050842], [78.90455478687437, 7.987038409960711], [78.89311085652122, 8.321612255905425], [78.52980260630669, 8.333711861474212], [78.53604075668274, 7.993409662050842]]]}}, {"type": "Feature", "properties": {"ac_no": 133, "constituency": "Vedasandur", "region": "South", "party_2026": "DMK", "party_2021": "DMK", "winner_2026": "SAMINATHAN. T", "winner_2021": "GANDHIRAJAN S", "flipped": false, "flip_from": "", "flip_to": "", "margin_pct": 4.4, "vote_share_2026": 37.5}, "geometry": {"type": "Polygon", "coordinates": [[[78.86186850713827, 7.998696393619763], [79.21532649028187, 7.989918061706788], [79.21982936591401, 8.307303091646308], [78.86721698499322, 8.321432699708293], [78.86186850713827, 7.998696393619763]]]}}, {"type": "Feature", "properties": {"ac_no": 184, "constituency": "Karaikudi", "region": "South", "party_2026": "TVK", "party_2021": "INC", "winner_2026": "DR.PRABHU. TK", "winner_2021": "S.Mangudi", "flipped": true, "flip_from": "INC", "flip_to": "TVK", "margin_pct": 20.1, "vote_share_2026": 44.2}, "geometry": {"type": "Polygon", "coordinates": [[[79.18285955327887, 8.018824765675893], [79.51206022571725, 8.036158049626994], [79.51597120141192, 8.291206784517243], [79.18587613599799, 8.29257544599085], [79.18285955327887, 8.018824765675893]]]}}, {"type": "Feature", "properties": {"ac_no": 186, "constituency": "Sivaganga", "region": "South", "party_2026": "TVK", "party_2021": "AIADMK", "winner_2026": "KULANTHAI RANI A", "winner_2021": "PR. Senthilnathan", "flipped": true, "flip_from": "AIADMK", "flip_to": "TVK", "margin_pct": 7.0, "vote_share_2026": 34.4}, "geometry": {"type": "Polygon", "coordinates": [[[77.01614668461374, 8.278977600646416], [77.31461699862501, 8.268917624407782], [77.32595050323691, 8.60952716929093], [77.01509548668687, 8.603817161531863], [77.01614668461374, 8.278977600646416]]]}}, {"type": "Feature", "properties": {"ac_no": 187, "constituency": "Manamadurai", "region": "South", "party_2026": "TVK", "party_2021": "DMK", "winner_2026": "ELANGOVAN.D", "winner_2021": "Tamilarasi A.", "flipped": true, "flip_from": "DMK", "flip_to": "TVK", "margin_pct": 0.6, "vote_share_2026": 33.5}, "geometry": {"type": "Polygon", "coordinates": [[[77.28474885104099, 8.281881173389074], [77.5896847654457, 8.287575233494564], [77.59629703335315, 8.589939844992312], [77.2803657693349, 8.58896550701303], [77.28474885104099, 8.281881173389074]]]}}, {"type": "Feature", "properties": {"ac_no": 188, "constituency": "Melur", "region": "South", "party_2026": "INC", "party_2021": "AIADMK", "winner_2026": "P.VISWANATHAN", "winner_2021": "PERIYAPULLAN @ SELVAM  P.", "flipped": true, "flip_from": "AIADMK", "flip_to": "INC", "margin_pct": 1.4, "vote_share_2026": 31.5}, "geometry": {"type": "Polygon", "coordinates": [[[77.59683710795092, 8.287446211903157], [77.93590721917238, 8.296686268641762], [77.95067636420531, 8.60172139019601], [77.60187914338108, 8.587166767664822], [77.59683710795092, 8.287446211903157]]]}}, {"type": "Feature", "properties": {"ac_no": 189, "constituency": "Madurai East", "region": "South", "party_2026": "TVK", "party_2021": "DMK", "winner_2026": "KARTHIKEYAN S", "winner_2021": "MOORTHY P", "flipped": true, "flip_from": "DMK", "flip_to": "TVK", "margin_pct": 6.1, "vote_share_2026": 43.7}, "geometry": {"type": "Polygon", "coordinates": [[[77.92248273011431, 8.286892048769234], [78.22691024565347, 8.287784039573316], [78.22071498804269, 8.595118031812849], [77.92578254263958, 8.601838042912489], [77.92248273011431, 8.286892048769234]]]}}, {"type": "Feature", "properties": {"ac_no": 190, "constituency": "Sholavandan", "region": "South", "party_2026": "TVK", "party_2021": "DMK", "winner_2026": "KARUPPAIAH.M.V", "winner_2021": "VENKATESAN A", "flipped": true, "flip_from": "DMK", "flip_to": "TVK", "margin_pct": 1.4, "vote_share_2026": 33.8}, "geometry": {"type": "Polygon", "coordinates": [[[78.26370720620544, 8.273398251930464], [78.54639635287457, 8.281891718370089], [78.54116464438584, 8.585304731772522], [78.26130694234239, 8.594750632152893], [78.26370720620544, 8.273398251930464]]]}}, {"type": "Feature", "properties": {"ac_no": 191, "constituency": "Madurai North", "region": "South", "party_2026": "TVK", "party_2021": "DMK", "winner_2026": "A.KALLANAI", "winner_2021": "THALAPATHI G", "flipped": true, "flip_from": "DMK", "flip_to": "TVK", "margin_pct": 11.1, "vote_share_2026": 45.0}, "geometry": {"type": "Polygon", "coordinates": [[[78.58556884938692, 8.285895208384023], [78.86152981151041, 8.297676963313947], [78.84941353502315, 8.630345975139065], [78.59079165422234, 8.628202562390216], [78.58556884938692, 8.285895208384023]]]}}, {"type": "Feature", "properties": {"ac_no": 192, "constituency": "Madurai South", "region": "South", "party_2026": "TVK", "party_2021": "DMK", "winner_2026": "M.M.GOPISON", "winner_2021": "BOOMINATHAN.M", "flipped": true, "flip_from": "DMK", "flip_to": "TVK", "margin_pct": 15.2, "vote_share_2026": 44.1}, "geometry": {"type": "Polygon", "coordinates": [[[78.85259543863185, 8.320138980081294], [79.18172340475596, 8.319810994464092], [79.18333414553578, 8.594477892610323], [78.86769954081359, 8.592885307795365], [78.85259543863185, 8.320138980081294]]]}}, {"type": "Feature", "properties": {"ac_no": 193, "constituency": "Madurai Central", "region": "South", "party_2026": "TVK", "party_2021": "DMK", "winner_2026": "MADHAR BADHURUDEEN", "winner_2021": "PALANIVEL THIAGA RAJAN", "flipped": true, "flip_from": "DMK", "flip_to": "TVK", "margin_pct": 12.9, "vote_share_2026": 42.7}, "geometry": {"type": "Polygon", "coordinates": [[[79.20574340329945, 8.292801695527045], [79.49467184588295, 8.28746733035432], [79.4987073459723, 8.606926497777536], [79.20285795650895, 8.61544437180285], [79.20574340329945, 8.292801695527045]]]}}, {"type": "Feature", "properties": {"ac_no": 194, "constituency": "Madurai West", "region": "South", "party_2026": "TVK", "party_2021": "AIADMK", "winner_2026": "THANGAPANDI SR", "winner_2021": "RAJU. K", "flipped": true, "flip_from": "AIADMK", "flip_to": "TVK", "margin_pct": 5.5, "vote_share_2026": 40.8}, "geometry": {"type": "Polygon", "coordinates": [[[77.01555909754512, 8.629561064440749], [77.29450496745554, 8.632892796452383], [77.28772352179591, 8.903987058493245], [77.01481613666749, 8.905873109262854], [77.01555909754512, 8.629561064440749]]]}}, {"type": "Feature", "properties": {"ac_no": 195, "constituency": "Thiruparankundram", "region": "South", "party_2026": "TVK", "party_2021": "AIADMK", "winner_2026": "NIRMALKUMAR. R.", "winner_2021": "RAJANCHELLAPPA, V.V.", "flipped": true, "flip_from": "AIADMK", "flip_to": "TVK", "margin_pct": 16.3, "vote_share_2026": 44.7}, "geometry": {"type": "Polygon", "coordinates": [[[77.31755118876393, 8.57248907479313], [77.63593681928435, 8.56689625652656], [77.64199576972779, 8.919331737000759], [77.31290747859352, 8.920685532874336], [77.31755118876393, 8.57248907479313]]]}}, {"type": "Feature", "properties": {"ac_no": 196, "constituency": "Thirumangalam", "region": "South", "party_2026": "DMK", "party_2021": "AIADMK", "winner_2026": "MANIMARAN.M", "winner_2021": "UDHAYAKUMAR R B", "flipped": true, "flip_from": "AIADMK", "flip_to": "DMK", "margin_pct": 10.3, "vote_share_2026": 38.2}, "geometry": {"type": "Polygon", "coordinates": [[[77.65313517899227, 8.570971226170363], [77.93477666195284, 8.57198710353594], [77.9323513465605, 8.883564717260414], [77.65784516684715, 8.887118921441942], [77.65313517899227, 8.570971226170363]]]}}, {"type": "Feature", "properties": {"ac_no": 197, "constituency": "Usilampatti", "region": "South", "party_2026": "TVK", "party_2021": "AIADMK", "winner_2026": "VIJAY. M", "winner_2021": "AYYAPPAN P", "flipped": true, "flip_from": "AIADMK", "flip_to": "TVK", "margin_pct": 0.8, "vote_share_2026": 29.3}, "geometry": {"type": "Polygon", "coordinates": [[[77.93601550461065, 8.579784860763784], [78.23378729133924, 8.579405930028177], [78.23424819643894, 8.872886987670519], [77.93672393433125, 8.870996573352114], [77.93601550461065, 8.579784860763784]]]}}, {"type": "Feature", "properties": {"ac_no": 198, "constituency": "Andipatti", "region": "South", "party_2026": "DMK", "party_2021": "DMK", "winner_2026": "MAHARAJAN.A", "winner_2021": "A.MAHARAJAN", "flipped": false, "flip_from": "", "flip_to": "", "margin_pct": 4.4, "vote_share_2026": 34.2}, "geometry": {"type": "Polygon", "coordinates": [[[78.24571593046268, 8.592694709793657], [78.56665309873709, 8.589361491096959], [78.5673549920174, 8.914469254442418], [78.2521640679188, 8.905764169602731], [78.24571593046268, 8.592694709793657]]]}}, {"type": "Feature", "properties": {"ac_no": 199, "constituency": "Periyakulam", "region": "South", "party_2026": "TVK", "party_2021": "DMK", "winner_2026": "SABARI IYNGARAN G.", "winner_2021": "K.S.SARAVANAKUMAAR", "flipped": true, "flip_from": "DMK", "flip_to": "TVK", "margin_pct": 9.1, "vote_share_2026": 40.6}, "geometry": {"type": "Polygon", "coordinates": [[[78.59261130938012, 8.588719521160659], [78.85480817664651, 8.578758047822491], [78.85395490874583, 8.882136762452802], [78.59031244837902, 8.871133603611085], [78.59261130938012, 8.588719521160659]]]}}, {"type": "Feature", "properties": {"ac_no": 200, "constituency": "Bodinayakanur", "region": "South", "party_2026": "DMK", "party_2021": "AIADMK", "winner_2026": "PANNEERSELVAM.O", "winner_2021": "O.PANNEERSELVAM", "flipped": true, "flip_from": "AIADMK", "flip_to": "DMK", "margin_pct": 3.1, "vote_share_2026": 38.6}, "geometry": {"type": "Polygon", "coordinates": [[[78.88553165732958, 8.600236310130233], [79.17388132506342, 8.611089325696984], [79.16146561367339, 8.886161683698433], [78.88854204418249, 8.887695423862722], [78.88553165732958, 8.600236310130233]]]}}, {"type": "Feature", "properties": {"ac_no": 201, "constituency": "Cumbum", "region": "South", "party_2026": "TVK", "party_2021": "DMK", "winner_2026": "JEGANATHMISHRA PLA", "winner_2021": "N.Ramakrishnan", "flipped": true, "flip_from": "DMK", "flip_to": "TVK", "margin_pct": 0.4, "vote_share_2026": 40.6}, "geometry": {"type": "Polygon", "coordinates": [[[79.17755796504923, 8.588245158269132], [79.49919850025947, 8.587744755307643], [79.49901911019455, 8.9190208363213], [79.18327841514399, 8.923870721075494], [79.17755796504923, 8.588245158269132]]]}}, {"type": "Feature", "properties": {"ac_no": 202, "constituency": "Rajapalayam", "region": "South", "party_2026": "TVK", "party_2021": "DMK", "winner_2026": "JEGADESHWARI. K", "winner_2021": "THANGAPANDIAN S.", "flipped": true, "flip_from": "DMK", "flip_to": "TVK", "margin_pct": 5.8, "vote_share_2026": 35.8}, "geometry": {"type": "Polygon", "coordinates": [[[77.01134983069088, 8.881257749935674], [77.31798081140467, 8.8843435301276], [77.31915410298673, 9.210350928693673], [77.01901914290643, 9.205397374854579], [77.01134983069088, 8.881257749935674]]]}}, {"type": "Feature", "properties": {"ac_no": 203, "constituency": "Srivilliputhur", "region": "South", "party_2026": "TVK", "party_2021": "AIADMK", "winner_2026": "KARTHIK.A", "winner_2021": "MANRAJ, E.M.", "flipped": true, "flip_from": "AIADMK", "flip_to": "TVK", "margin_pct": 4.4, "vote_share_2026": 33.9}, "geometry": {"type": "Polygon", "coordinates": [[[77.29425383058961, 8.883759903669006], [77.6270207897164, 8.882133648322553], [77.61783615424173, 9.20165543615528], [77.28743447817597, 9.207248115996958], [77.29425383058961, 8.883759903669006]]]}}, {"type": "Feature", "properties": {"ac_no": 204, "constituency": "Sattur", "region": "South", "party_2026": "DMK", "party_2021": "DMK", "winner_2026": "KADARKARAIRAJ. A", "winner_2021": "RAGHURAMAN,  A.R.R.", "flipped": false, "flip_from": "", "flip_to": "", "margin_pct": 3.0, "vote_share_2026": 31.2}, "geometry": {"type": "Polygon", "coordinates": [[[77.60389056268963, 8.878923929983268], [77.92914023468543, 8.870484463635393], [77.93236689040036, 9.176673430714684], [77.60433472819568, 9.177988674094665], [77.60389056268963, 8.878923929983268]]]}}, {"type": "Feature", "properties": {"ac_no": 205, "constituency": "Sivakasi", "region": "South", "party_2026": "TVK", "party_2021": "INC", "winner_2026": "KEERTHANA S", "winner_2021": "Ashokan.G", "flipped": true, "flip_from": "INC", "flip_to": "TVK", "margin_pct": 6.0, "vote_share_2026": 35.5}, "geometry": {"type": "Polygon", "coordinates": [[[77.90840759007612, 8.916340352240413], [78.21587940393243, 8.914895182083647], [78.22621697087331, 9.19231194656251], [77.91335530886887, 9.18056319248878], [77.90840759007612, 8.916340352240413]]]}}, {"type": "Feature", "properties": {"ac_no": 206, "constituency": "Virudhunagar", "region": "South", "party_2026": "TVK", "party_2021": "DMK", "winner_2026": "SELVAM P", "winner_2021": "SEENIVASAN A.R.R", "flipped": true, "flip_from": "DMK", "flip_to": "TVK", "margin_pct": 5.6, "vote_share_2026": 37.9}, "geometry": {"type": "Polygon", "coordinates": [[[78.23265939578187, 8.911145957880718], [78.58294842601218, 8.92023132742485], [78.58782274477362, 9.184855202226121], [78.23279367197931, 9.196535925231712], [78.23265939578187, 8.911145957880718]]]}}, {"type": "Feature", "properties": {"ac_no": 207, "constituency": "Aruppukkottai", "region": "South", "party_2026": "DMK", "party_2021": "DMK", "winner_2026": "RAMACHANDRAN. K.K.S.S.R", "winner_2021": "K.K.S.S.R.RAMACHANDRAN", "flipped": false, "flip_from": "", "flip_to": "", "margin_pct": 2.8, "vote_share_2026": 36.5}, "geometry": {"type": "Polygon", "coordinates": [[[78.55606365063828, 8.895887198830724], [78.91384999847446, 8.90194531026768], [78.90022378915333, 9.196507267512448], [78.55194516625176, 9.188225973749391], [78.55606365063828, 8.895887198830724]]]}}, {"type": "Feature", "properties": {"ac_no": 208, "constituency": "Tiruchuli", "region": "South", "party_2026": "DMK", "party_2021": "DMK", "winner_2026": "THANGAM THENARASU", "winner_2021": "THANGAM THENARASU", "flipped": false, "flip_from": "", "flip_to": "", "margin_pct": 7.4, "vote_share_2026": 41.4}, "geometry": {"type": "Polygon", "coordinates": [[[78.88236439138099, 8.874683866034948], [79.18753467886114, 8.877273575682567], [79.19152576819386, 9.179051931784464], [78.88447100265502, 9.1820270656672], [78.88236439138099, 8.874683866034948]]]}}, {"type": "Feature", "properties": {"ac_no": 209, "constituency": "Paramakudi", "region": "South", "party_2026": "DMK", "party_2021": "DMK", "winner_2026": "ADVOCATE. KATHIRAVAN. K.K", "winner_2021": "MURUGESAN S", "flipped": false, "flip_from": "", "flip_to": "", "margin_pct": 1.9, "vote_share_2026": 31.2}, "geometry": {"type": "Polygon", "coordinates": [[[79.17808738229452, 8.914195063645433], [79.49437047988657, 8.926623449566017], [79.49357842078963, 9.237994050197313], [79.18146685123571, 9.222413285170758], [79.17808738229452, 8.914195063645433]]]}}, {"type": "Feature", "properties": {"ac_no": 210, "constituency": "Tiruvadanai", "region": "South", "party_2026": "TVK", "party_2021": "INC", "winner_2026": "RAJEEV", "winner_2021": "KARUMANICKAM", "flipped": true, "flip_from": "INC", "flip_to": "TVK", "margin_pct": 1.1, "vote_share_2026": 31.6}, "geometry": {"type": "Polygon", "coordinates": [[[77.02667125227411, 9.215855912896949], [77.29729089158278, 9.214077350457824], [77.29331754325386, 9.51816495977049], [77.02110057870537, 9.522114207902224], [77.02667125227411, 9.215855912896949]]]}}, {"type": "Feature", "properties": {"ac_no": 211, "constituency": "Ramanathapuram", "region": "South", "party_2026": "DMK", "party_2021": "DMK", "winner_2026": "KATHARBATCHA MUTHURAMALINGAM", "winner_2021": "KATHARBATCHA MUTHURAMALINGAM", "flipped": false, "flip_from": "", "flip_to": "", "margin_pct": 5.2, "vote_share_2026": 37.5}, "geometry": {"type": "Polygon", "coordinates": [[[77.34316155493204, 9.19858008945862], [77.60869026046213, 9.197828015368158], [77.5916302025751, 9.491627976498986], [77.33949653735615, 9.490850316145874], [77.34316155493204, 9.19858008945862]]]}}, {"type": "Feature", "properties": {"ac_no": 212, "constituency": "Mudhukulathur", "region": "South", "party_2026": "DMK", "party_2021": "DMK", "winner_2026": "R.S.RAJAKANNAPPAN", "winner_2021": "R.S.RAJAKANNAPPAN", "flipped": false, "flip_from": "", "flip_to": "", "margin_pct": 7.2, "vote_share_2026": 29.4}, "geometry": {"type": "Polygon", "coordinates": [[[77.62312659575976, 9.186414302590732], [77.94608220506225, 9.186306690155797], [77.94318229233957, 9.47971002627049], [77.61958654819385, 9.475202646688308], [77.62312659575976, 9.186414302590732]]]}}, {"type": "Feature", "properties": {"ac_no": 213, "constituency": "Vilathikulam", "region": "South", "party_2026": "DMK", "party_2021": "DMK", "winner_2026": "MARKANDAYAN G V", "winner_2021": "MARKANDAYAN V", "flipped": false, "flip_from": "", "flip_to": "", "margin_pct": 4.7, "vote_share_2026": 33.4}, "geometry": {"type": "Polygon", "coordinates": [[[77.93333989335576, 9.183416722587648], [78.25423028995364, 9.189896848961281], [78.24235654346666, 9.517390844364307], [77.9404116737348, 9.50196528233281], [77.93333989335576, 9.183416722587648]]]}}, {"type": "Feature", "properties": {"ac_no": 214, "constituency": "Thoothukkudi", "region": "South", "party_2026": "TVK", "party_2021": "DMK", "winner_2026": "SRINATH", "winner_2021": "P.Geetha Jeevan", "flipped": true, "flip_from": "DMK", "flip_to": "TVK", "margin_pct": 18.4, "vote_share_2026": 49.1}, "geometry": {"type": "Polygon", "coordinates": [[[78.28018185574638, 9.205177107246994], [78.55242815251292, 9.207247863160404], [78.54742167574338, 9.473421792256925], [78.27517509397589, 9.485183190082083], [78.28018185574638, 9.205177107246994]]]}}, {"type": "Feature", "properties": {"ac_no": 215, "constituency": "Tiruchendur", "region": "South", "party_2026": "DMK", "party_2021": "DMK", "winner_2026": "ANITHA R. RADHAKRISHNAN", "winner_2021": "Anitha R. Radhakrishnan", "flipped": false, "flip_from": "", "flip_to": "", "margin_pct": 3.2, "vote_share_2026": 39.1}, "geometry": {"type": "Polygon", "coordinates": [[[78.53764609389627, 9.191129288801557], [78.8724470587317, 9.179350108157104], [78.86836301476464, 9.505355078548194], [78.53750294025583, 9.515206171343662], [78.53764609389627, 9.191129288801557]]]}}, {"type": "Feature", "properties": {"ac_no": 216, "constituency": "Srivaikuntam", "region": "South", "party_2026": "TVK", "party_2021": "INC", "winner_2026": "SARAVANAN. G", "winner_2021": "Amirtharaj .S", "flipped": true, "flip_from": "INC", "flip_to": "TVK", "margin_pct": 0.7, "vote_share_2026": 33.3}, "geometry": {"type": "Polygon", "coordinates": [[[78.84415886766446, 9.212405694334462], [79.1915107359345, 9.21692180027696], [79.20338956730905, 9.522132983635947], [78.84219754345044, 9.536147096477501], [78.84415886766446, 9.212405694334462]]]}}, {"type": "Feature", "properties": {"ac_no": 217, "constituency": "Ottapidaram", "region": "South", "party_2026": "TVK", "party_2021": "DMK", "winner_2026": "P .MATHANRAJA", "winner_2021": "SHUNMUGAIAH C", "flipped": true, "flip_from": "DMK", "flip_to": "TVK", "margin_pct": 14.8, "vote_share_2026": 41.6}, "geometry": {"type": "Polygon", "coordinates": [[[79.17460068047905, 9.208760823262493], [79.51695677799688, 9.206342013414618], [79.51910799285588, 9.47691056344521], [79.16973153415917, 9.48029421456131], [79.17460068047905, 9.208760823262493]]]}}, {"type": "Feature", "properties": {"ac_no": 218, "constituency": "Kovilpatti", "region": "South", "party_2026": "DMK", "party_2021": "AIADMK", "winner_2026": "KARUNANITHI.K", "winner_2021": "KADAMBUR RAJU", "flipped": true, "flip_from": "AIADMK", "flip_to": "DMK", "margin_pct": 0.4, "vote_share_2026": 31.7}, "geometry": {"type": "Polygon", "coordinates": [[[76.97164283245304, 9.504002342217142], [77.31174661529946, 9.512806300712251], [77.30511516802976, 9.829936228266089], [76.97574351387793, 9.815114694874696], [76.97164283245304, 9.504002342217142]]]}}, {"type": "Feature", "properties": {"ac_no": 219, "constituency": "Sankarankovil", "region": "South", "party_2026": "AIADMK", "party_2021": "DMK", "winner_2026": "DR. DHILIPAN JAISHANKAR", "winner_2021": "RAJA E", "flipped": true, "flip_from": "DMK", "flip_to": "AIADMK", "margin_pct": 3.3, "vote_share_2026": 33.0}, "geometry": {"type": "Polygon", "coordinates": [[[77.30105473519717, 9.508225251652322], [77.60348349231015, 9.509465855787003], [77.60290621962142, 9.802430160037943], [77.29943754371703, 9.806171878223617], [77.30105473519717, 9.508225251652322]]]}}, {"type": "Feature", "properties": {"ac_no": 220, "constituency": "Vasudevanallur", "region": "South", "party_2026": "DMK", "party_2021": "DMK", "winner_2026": "E. RAJA", "winner_2021": "SADHAN THIRUMALAIKUMAR, DOCTOR.T", "flipped": false, "flip_from": "", "flip_to": "", "margin_pct": 3.5, "vote_share_2026": 33.2}, "geometry": {"type": "Polygon", "coordinates": [[[77.64805470566311, 9.473182126819893], [77.9182619090014, 9.473266633603822], [77.92692325890101, 9.824383910638272], [77.64846916352005, 9.832638639212597], [77.64805470566311, 9.473182126819893]]]}}, {"type": "Feature", "properties": {"ac_no": 221, "constituency": "Kadayanallur", "region": "South", "party_2026": "DMK", "party_2021": "AIADMK", "winner_2026": "RAJENDRAN. T. M", "winner_2021": "C.KRISHNAMURALI", "flipped": true, "flip_from": "AIADMK", "flip_to": "DMK", "margin_pct": 2.8, "vote_share_2026": 36.0}, "geometry": {"type": "Polygon", "coordinates": [[[77.96111288843173, 9.524941797118249], [78.23264803972609, 9.529828993947142], [78.23278557973, 9.795403232558254], [77.95575105034737, 9.799822158315296], [77.96111288843173, 9.524941797118249]]]}}, {"type": "Feature", "properties": {"ac_no": 222, "constituency": "Tenkasi", "region": "South", "party_2026": "DMK", "party_2021": "INC", "winner_2026": "DR.KALAI KATHIRAVAN", "winner_2021": "PALANI NADAR.S", "flipped": true, "flip_from": "INC", "flip_to": "DMK", "margin_pct": 4.4, "vote_share_2026": 33.9}, "geometry": {"type": "Polygon", "coordinates": [[[78.22470388424533, 9.517376281318713], [78.53460590747406, 9.52098999143481], [78.52861183218994, 9.801054802945757], [78.22447845871824, 9.796391055499718], [78.22470388424533, 9.517376281318713]]]}}, {"type": "Feature", "properties": {"ac_no": 223, "constituency": "Alangulam", "region": "South", "party_2026": "DMK", "party_2021": "AIADMK", "winner_2026": "PAUL MANOJ PANDIAN", "winner_2021": "PAUL MANOJ PANDIAN", "flipped": true, "flip_from": "AIADMK", "flip_to": "DMK", "margin_pct": 3.5, "vote_share_2026": 31.3}, "geometry": {"type": "Polygon", "coordinates": [[[78.55174943624901, 9.4802250166909], [78.87809557835008, 9.488213326082796], [78.87893728422249, 9.810673676363422], [78.55467057900589, 9.822622855652009], [78.55174943624901, 9.4802250166909]]]}}, {"type": "Feature", "properties": {"ac_no": 224, "constituency": "Tirunelveli", "region": "South", "party_2026": "TVK", "party_2021": "BJP", "winner_2026": "MURUGHAN.R.S.", "winner_2021": "Nainar Nagenthran", "flipped": true, "flip_from": "BJP", "flip_to": "TVK", "margin_pct": 5.2, "vote_share_2026": 34.7}, "geometry": {"type": "Polygon", "coordinates": [[[78.8949487800698, 9.477131751183183], [79.15754157779111, 9.479523251066524], [79.1653062038856, 9.789218989440705], [78.89953029783658, 9.799696008318392], [78.8949487800698, 9.477131751183183]]]}}, {"type": "Feature", "properties": {"ac_no": 225, "constituency": "Ambasamudram", "region": "South", "party_2026": "AIADMK", "party_2021": "AIADMK", "winner_2026": "DR.ESAKKI SUBAYA", "winner_2021": "E.SUBAYA", "flipped": false, "flip_from": "", "flip_to": "", "margin_pct": 5.4, "vote_share_2026": 34.3}, "geometry": {"type": "Polygon", "coordinates": [[[79.1713037371818, 9.495385654939168], [79.52046572303995, 9.506440553402571], [79.52301873286065, 9.823934691767958], [79.17221570308494, 9.808507638613737], [79.1713037371818, 9.495385654939168]]]}}, {"type": "Feature", "properties": {"ac_no": 226, "constituency": "Palayamkottai", "region": "South", "party_2026": "DMK", "party_2021": "DMK", "winner_2026": "M.ABDUL WAHAB", "winner_2021": "ABDUL WAHAB .M", "flipped": false, "flip_from": "", "flip_to": "", "margin_pct": 7.6, "vote_share_2026": 44.2}, "geometry": {"type": "Polygon", "coordinates": [[[77.0198062009443, 9.766219579910544], [77.29801239569952, 9.771314549466782], [77.29881181580498, 10.113943345200324], [77.01604485080087, 10.108331484350735], [77.0198062009443, 9.766219579910544]]]}}, {"type": "Feature", "properties": {"ac_no": 227, "constituency": "Nanguneri", "region": "South", "party_2026": "TVK", "party_2021": "INC", "winner_2026": "REDDIARPATTI V. NARAYANAN", "winner_2021": "RUBY R MANOHARAN", "flipped": true, "flip_from": "INC", "flip_to": "TVK", "margin_pct": 7.8, "vote_share_2026": 35.8}, "geometry": {"type": "Polygon", "coordinates": [[[77.2888331428297, 9.805159384730283], [77.63596745121977, 9.808768628505973], [77.62892650092391, 10.081597895927809], [77.28237581892965, 10.091465146778026], [77.2888331428297, 9.805159384730283]]]}}, {"type": "Feature", "properties": {"ac_no": 228, "constituency": "Radhapuram", "region": "South", "party_2026": "TVK", "party_2021": "DMK", "winner_2026": "DR.SATHISH CHRISTOPHER", "winner_2021": "M.Appavu", "flipped": true, "flip_from": "DMK", "flip_to": "TVK", "margin_pct": 6.2, "vote_share_2026": 35.0}, "geometry": {"type": "Polygon", "coordinates": [[[77.64499775934341, 9.821629296431766], [77.93916450608278, 9.828802042756976], [77.93655453055392, 10.1068419169458], [77.64415965886616, 10.114476686652468], [77.64499775934341, 9.821629296431766]]]}}, {"type": "Feature", "properties": {"ac_no": 229, "constituency": "Kanniyakumari", "region": "South", "party_2026": "AIADMK", "party_2021": "AIADMK", "winner_2026": "THALAVAI SUNDARAM. N", "winner_2021": "THALAVAI SUNDARAM N.", "flipped": false, "flip_from": "", "flip_to": "", "margin_pct": 0.1, "vote_share_2026": 31.4}, "geometry": {"type": "Polygon", "coordinates": [[[77.96978988988978, 9.810500957047434], [78.23013235621883, 9.814341804838701], [78.23696789809304, 10.125776248427561], [77.96257210567133, 10.120028276960525], [77.96978988988978, 9.810500957047434]]]}}, {"type": "Feature", "properties": {"ac_no": 230, "constituency": "Nagercoil", "region": "South", "party_2026": "DMK", "party_2021": "BJP", "winner_2026": "AUSTIN", "winner_2021": "Gandhi M.R.", "flipped": true, "flip_from": "BJP", "flip_to": "DMK", "margin_pct": 3.9, "vote_share_2026": 35.6}, "geometry": {"type": "Polygon", "coordinates": [[[78.23139094963763, 9.789884995265812], [78.56620889661484, 9.793141597169196], [78.56084600807917, 10.114571030783603], [78.23672894917297, 10.102775335172305], [78.23139094963763, 9.789884995265812]]]}}, {"type": "Feature", "properties": {"ac_no": 231, "constituency": "Colachal", "region": "South", "party_2026": "INC", "party_2021": "INC", "winner_2026": "THARAHAI CUTHBERT", "winner_2021": "Prince J.G.", "flipped": false, "flip_from": "", "flip_to": "", "margin_pct": 1.4, "vote_share_2026": 33.3}, "geometry": {"type": "Polygon", "coordinates": [[[78.53899500508923, 9.790769439568113], [78.87771999129254, 9.775006181241224], [78.87243363587713, 10.097067529644386], [78.53697254366784, 10.083656504212694], [78.53899500508923, 9.790769439568113]]]}}, {"type": "Feature", "properties": {"ac_no": 232, "constituency": "Padmanabhapuram", "region": "South", "party_2026": "CPI(M)", "party_2021": "DMK", "winner_2026": "CHELLASWAMY. R", "winner_2021": "Mano Thangaraj, T.", "flipped": true, "flip_from": "DMK", "flip_to": "CPI(M)", "margin_pct": 8.6, "vote_share_2026": 38.2}, "geometry": {"type": "Polygon", "coordinates": [[[78.88573413620554, 9.803331477155597], [79.1644645351617, 9.807104671864492], [79.17894123016602, 10.073949370472048], [78.88040411371817, 10.071298560072526], [78.88573413620554, 9.803331477155597]]]}}, {"type": "Feature", "properties": {"ac_no": 233, "constituency": "Vilavancode", "region": "South", "party_2026": "INC", "party_2021": "INC", "winner_2026": "PRAVEEN T.T", "winner_2021": "VIJAYADHARANI S", "flipped": false, "flip_from": "", "flip_to": "", "margin_pct": 12.0, "vote_share_2026": 40.4}, "geometry": {"type": "Polygon", "coordinates": [[[79.22173261946419, 9.76808156903818], [79.4763149181602, 9.774564312132073], [79.48345007399618, 10.073272722240413], [79.21167112431071, 10.074680991492434], [79.22173261946419, 9.76808156903818]]]}}, {"type": "Feature", "properties": {"ac_no": 234, "constituency": "Killiyoor", "region": "South", "party_2026": "INC", "party_2021": "INC", "winner_2026": "RAJESH KUMAR. S", "winner_2021": "RAJESH KUMAR  S", "flipped": false, "flip_from": "", "flip_to": "", "margin_pct": 0.7, "vote_share_2026": 37.4}, "geometry": {"type": "Polygon", "coordinates": [[[77.01394421501296, 10.106465545971387], [77.31919236365232, 10.119160037811382], [77.32606828102377, 10.382880853079763], [77.01200775897256, 10.388472455179828], [77.01394421501296, 10.106465545971387]]]}}]}